timesteps,wall_time,num_episodes,max_episode_rewards,mean_episode_rewards,min_episode_rewards,max_episode_len,mean_episode_len,min_episode_len
50.0,2.5440776348114014,6.0,1.0,0.20000000298023224,0.0,16.0,8.0,6.0
100.0,3.138082504272461,11.0,1.0,0.4000000059604645,0.0,16.0,10.8,6.0
150.0,3.7423927783966064,17.0,1.0,0.20000000298023224,0.0,16.0,8.0,6.0
200.0,4.342321395874023,22.0,1.0,0.4000000059604645,0.0,16.0,10.8,6.0
250.0,4.950624704360962,27.0,2.0,0.4000000059604645,0.0,26.0,10.0,6.0
300.0,5.550398588180542,32.0,1.0,0.4000000059604645,0.0,16.0,10.0,6.0
350.0,6.155534744262695,37.0,1.0,0.4000000059604645,0.0,16.0,10.0,6.0
400.0,6.763126611709595,38.0,4.0,1.0,0.0,50.0,16.8,6.0
450.0,7.361739635467529,41.0,4.0,1.399999976158142,0.0,50.0,21.2,6.0
500.0,7.966247320175171,46.0,1.0,0.4000000059604645,0.0,16.0,10.0,6.0
550.0,8.566638946533203,49.0,2.0,0.6000000238418579,0.0,26.0,12.0,6.0
600.0,9.166679382324219,57.0,0.0,0.0,0.0,6.0,6.0,6.0
650.0,9.767703294754028,62.0,1.0,0.4000000059604645,0.0,16.0,10.4,6.0
700.0,10.374736309051514,67.0,1.0,0.4000000059604645,0.0,16.0,10.0,6.0
750.0,10.969887256622314,73.0,1.0,0.20000000298023224,0.0,16.0,8.0,6.0
800.0,11.570953845977783,75.0,1.0,0.6000000238418579,0.0,20.0,12.8,6.0
850.0,12.162079095840454,80.0,2.0,0.4000000059604645,0.0,34.0,11.6,6.0
900.0,12.754491806030273,83.0,2.0,0.6000000238418579,0.0,36.0,14.0,6.0
950.0,13.354557514190674,89.0,0.0,0.0,0.0,6.0,6.0,6.0
1000.0,13.958972215652466,95.0,1.0,0.20000000298023224,0.0,16.0,8.0,6.0
1050.0,14.554863452911377,100.0,1.0,0.20000000298023224,0.0,16.0,8.8,6.0
1100.0,15.159208297729492,102.0,2.0,0.800000011920929,0.0,28.0,16.4,6.0
1150.0,15.758091449737549,108.0,1.0,0.20000000298023224,0.0,16.0,8.0,6.0
1200.0,16.3622305393219,115.0,0.0,0.0,0.0,6.0,6.0,6.0
1250.0,16.964526176452637,120.0,1.0,0.4000000059604645,0.0,24.0,11.6,6.0
1300.0,17.566664695739746,123.0,1.0,0.6000000238418579,0.0,16.0,12.0,6.0
1350.0,18.167225122451782,128.0,1.0,0.4000000059604645,0.0,18.0,10.4,6.0
1400.0,18.770700454711914,133.0,1.0,0.20000000298023224,0.0,16.0,10.0,6.0
1450.0,19.373040676116943,135.0,1.0,0.20000000298023224,0.0,16.0,10.0,6.0
1500.0,19.97432231903076,141.0,1.0,0.20000000298023224,0.0,16.0,8.0,6.0
1550.0,20.57730269432068,147.0,1.0,0.20000000298023224,0.0,16.0,8.0,6.0
1600.0,21.17811393737793,151.0,1.0,0.4000000059604645,0.0,20.0,10.8,6.0
1650.0,21.7782244682312,159.0,0.0,0.0,0.0,6.0,6.0,6.0
1700.0,22.37794041633606,165.0,0.0,0.0,0.0,6.0,6.0,6.0
1750.0,22.980992078781128,169.0,2.0,0.6000000238418579,0.0,30.0,12.8,6.0
1800.0,23.57974338531494,174.0,1.0,0.4000000059604645,0.0,16.0,11.2,6.0
1850.0,24.18132495880127,179.0,1.0,0.4000000059604645,0.0,16.0,10.0,6.0
1900.0,24.7792067527771,182.0,1.0,0.4000000059604645,0.0,16.0,10.0,6.0
1950.0,25.382208585739136,187.0,1.0,0.4000000059604645,0.0,18.0,10.4,6.0
2000.0,25.97847008705139,191.0,0.0,0.0,0.0,16.0,8.0,6.0
2050.0,26.578357696533203,196.0,3.0,0.800000011920929,0.0,42.0,15.2,6.0
2100.0,27.190720558166504,199.0,2.0,0.6000000238418579,0.0,26.0,12.0,6.0
2150.0,27.789106845855713,200.0,2.0,0.800000011920929,0.0,26.0,14.4,6.0
2200.0,28.385955095291138,205.0,4.0,1.2000000476837158,0.0,50.0,18.8,6.0
2250.0,28.982892274856567,211.0,1.0,0.20000000298023224,0.0,16.0,8.0,6.0
2300.0,29.581615924835205,215.0,2.0,0.4000000059604645,0.0,26.0,10.8,6.0
2350.0,30.17862844467163,220.0,1.0,0.4000000059604645,0.0,22.0,11.2,6.0
2400.0,30.77463173866272,223.0,2.0,0.4000000059604645,0.0,26.0,10.0,6.0
2450.0,31.37527084350586,228.0,1.0,0.6000000238418579,0.0,18.0,12.4,6.0
2500.0,31.974560737609863,233.0,1.0,0.20000000298023224,0.0,16.0,8.0,6.0
2550.0,32.575095653533936,238.0,1.0,0.4000000059604645,0.0,16.0,12.0,6.0
2600.0,33.17471241950989,246.0,0.0,0.0,0.0,6.0,6.0,6.0
2650.0,33.776127099990845,252.0,1.0,0.20000000298023224,0.0,16.0,8.0,6.0
2700.0,34.377833127975464,260.0,0.0,0.0,0.0,6.0,6.0,6.0
2750.0,34.98187875747681,265.0,1.0,0.4000000059604645,0.0,16.0,10.4,6.0
2800.0,35.58265423774719,267.0,1.0,0.20000000298023224,0.0,16.0,8.0,6.0
2850.0,36.18545079231262,275.0,0.0,0.0,0.0,6.0,6.0,6.0
2900.0,36.78521990776062,278.0,1.0,0.20000000298023224,0.0,16.0,8.4,6.0
2950.0,37.3857159614563,281.0,3.0,1.2000000476837158,0.0,38.0,18.4,6.0
3000.0,37.99087405204773,286.0,2.0,0.4000000059604645,0.0,28.0,10.4,6.0
3050.0,38.59503436088562,292.0,1.0,0.20000000298023224,0.0,16.0,8.0,6.0
3100.0,39.19588780403137,298.0,1.0,0.20000000298023224,0.0,16.0,8.0,6.0
3150.0,39.795825719833374,300.0,3.0,0.800000011920929,0.0,38.0,15.2,6.0
3200.0,40.39853620529175,308.0,0.0,0.0,0.0,6.0,6.0,6.0
3250.0,40.99750876426697,313.0,1.0,0.4000000059604645,0.0,16.0,10.4,6.0
3300.0,41.60260844230652,317.0,1.0,0.6000000238418579,0.0,16.0,12.0,6.0
3350.0,42.206791400909424,320.0,2.0,0.6000000238418579,0.0,34.0,13.6,6.0
3400.0,42.8075065612793,325.0,1.0,0.4000000059604645,0.0,16.0,10.0,6.0
3450.0,43.41101622581482,330.0,1.0,0.4000000059604645,0.0,16.0,10.0,6.0
3500.0,44.009541273117065,335.0,1.0,0.4000000059604645,0.0,16.0,10.0,6.0
3550.0,44.61030673980713,338.0,2.0,0.4000000059604645,0.0,28.0,10.4,6.0
3600.0,45.2084219455719,344.0,1.0,0.20000000298023224,0.0,16.0,8.0,6.0
3650.0,45.80670952796936,349.0,1.0,0.4000000059604645,0.0,16.0,10.8,6.0
3700.0,46.409919023513794,352.0,2.0,0.6000000238418579,0.0,28.0,12.4,6.0
3750.0,47.01250767707825,355.0,2.0,1.0,0.0,28.0,16.4,6.0
3800.0,47.62619686126709,363.0,0.0,0.0,0.0,6.0,6.0,6.0
3850.0,48.228184938430786,369.0,1.0,0.20000000298023224,0.0,16.0,8.0,6.0
3900.0,48.83403539657593,375.0,0.0,0.0,0.0,6.0,6.0,6.0
3950.0,49.434314250946045,381.0,1.0,0.20000000298023224,0.0,16.0,8.0,6.0
4000.0,50.03433632850647,386.0,1.0,0.20000000298023224,0.0,16.0,8.8,6.0
4050.0,50.635074615478516,392.0,1.0,0.20000000298023224,0.0,16.0,8.0,6.0
4100.0,51.23538088798523,396.0,1.0,0.4000000059604645,0.0,16.0,10.8,6.0
4150.0,51.840110063552856,399.0,2.0,0.6000000238418579,0.0,26.0,13.2,6.0
4200.0,52.44256949424744,402.0,2.0,1.0,0.0,26.0,16.4,6.0
4250.0,53.042670249938965,404.0,2.0,1.2000000476837158,1.0,28.0,18.8,16.0
4300.0,53.642905712127686,409.0,1.0,0.6000000238418579,0.0,24.0,13.6,6.0
4350.0,54.24306678771973,410.0,1.0,0.6000000238418579,0.0,16.0,12.0,6.0
4400.0,54.84549617767334,414.0,4.0,1.2000000476837158,0.0,50.0,18.8,6.0
4450.0,55.45429754257202,418.0,1.0,0.4000000059604645,0.0,22.0,11.2,6.0
4500.0,56.05551862716675,422.0,1.0,0.4000000059604645,0.0,22.0,11.2,6.0
4550.0,56.65796661376953,427.0,2.0,0.4000000059604645,0.0,32.0,11.2,6.0
4600.0,57.25853204727173,430.0,2.0,0.4000000059604645,0.0,36.0,12.0,6.0
4650.0,57.86220932006836,436.0,1.0,0.20000000298023224,0.0,16.0,8.0,6.0
4700.0,58.46595072746277,442.0,1.0,0.20000000298023224,0.0,16.0,8.0,6.0
4750.0,59.06598663330078,446.0,1.0,0.4000000059604645,0.0,20.0,10.8,6.0
4800.0,59.67076849937439,451.0,1.0,0.4000000059604645,0.0,16.0,11.2,6.0
4850.0,60.270580530166626,457.0,1.0,0.20000000298023224,0.0,16.0,8.0,6.0
4900.0,60.86800217628479,459.0,2.0,0.6000000238418579,0.0,30.0,12.8,6.0
4950.0,61.472198247909546,462.0,2.0,1.0,0.0,36.0,18.8,6.0
5000.0,62.077181577682495,467.0,1.0,0.4000000059604645,0.0,16.0,12.0,6.0
5050.0,62.679123640060425,472.0,1.0,0.20000000298023224,0.0,16.0,8.0,6.0
5100.0,63.27845501899719,475.0,1.0,0.4000000059604645,0.0,16.0,12.0,6.0
5150.0,63.87868523597717,479.0,2.0,0.800000011920929,0.0,28.0,14.8,6.0
5200.0,64.48221278190613,485.0,1.0,0.20000000298023224,0.0,16.0,8.0,6.0
5250.0,65.08715558052063,487.0,1.0,0.6000000238418579,0.0,20.0,12.8,6.0
5300.0,65.68661999702454,493.0,1.0,0.20000000298023224,0.0,16.0,8.0,6.0
5350.0,66.29123854637146,498.0,1.0,0.4000000059604645,0.0,16.0,10.8,6.0
5400.0,66.89322257041931,501.0,2.0,0.800000011920929,0.0,28.0,14.4,6.0
5450.0,67.49674558639526,506.0,1.0,0.4000000059604645,0.0,16.0,10.0,6.0
5500.0,68.0982596874237,511.0,1.0,0.4000000059604645,0.0,16.0,10.0,6.0
5550.0,68.69938826560974,518.0,0.0,0.0,0.0,6.0,6.0,6.0
5600.0,69.30284881591797,522.0,1.0,0.4000000059604645,0.0,24.0,11.6,6.0
5650.0,69.90251111984253,525.0,1.0,0.4000000059604645,0.0,22.0,11.2,6.0
5700.0,70.5043044090271,528.0,2.0,1.0,0.0,28.0,16.8,6.0
5750.0,71.10571455955505,534.0,1.0,0.20000000298023224,0.0,16.0,8.0,6.0
5800.0,71.70976400375366,539.0,1.0,0.20000000298023224,0.0,16.0,8.8,6.0
5850.0,72.31081056594849,542.0,1.0,0.6000000238418579,0.0,26.0,14.0,6.0
5900.0,72.91168546676636,548.0,1.0,0.20000000298023224,0.0,16.0,8.0,6.0
5950.0,73.5157721042633,553.0,1.0,0.4000000059604645,0.0,20.0,10.8,6.0
6000.0,74.11599636077881,558.0,1.0,0.4000000059604645,0.0,16.0,10.0,6.0
6050.0,74.71724653244019,563.0,2.0,0.4000000059604645,0.0,26.0,10.0,6.0
6100.0,75.32052254676819,566.0,2.0,0.6000000238418579,0.0,26.0,12.0,6.0
6150.0,75.92255878448486,569.0,4.0,1.2000000476837158,0.0,50.0,18.8,6.0
6200.0,76.52247023582458,571.0,4.0,1.399999976158142,0.0,50.0,20.8,6.0
6250.0,77.1253592967987,574.0,2.0,1.0,0.0,34.0,17.6,6.0
6300.0,77.72806715965271,579.0,1.0,0.6000000238418579,0.0,18.0,12.4,6.0
6350.0,78.33067989349365,582.0,1.0,0.800000011920929,0.0,16.0,14.0,6.0
6400.0,78.93398475646973,588.0,1.0,0.20000000298023224,0.0,16.0,8.0,6.0
6450.0,79.53736329078674,592.0,1.0,0.4000000059604645,0.0,16.0,10.8,6.0
6500.0,80.13924932479858,597.0,1.0,0.4000000059604645,0.0,16.0,11.2,6.0
6550.0,80.73864150047302,602.0,1.0,0.4000000059604645,0.0,16.0,10.0,6.0
6600.0,81.33974099159241,605.0,1.0,1.0,1.0,16.0,16.0,16.0
6650.0,81.94289994239807,609.0,2.0,0.6000000238418579,0.0,26.0,12.4,6.0
6700.0,82.54623055458069,615.0,1.0,0.20000000298023224,0.0,16.0,8.0,6.0
6750.0,83.15017080307007,618.0,1.0,0.4000000059604645,0.0,16.0,10.8,6.0
6800.0,83.75323009490967,623.0,1.0,0.6000000238418579,0.0,18.0,12.4,6.0
6850.0,84.35724091529846,625.0,1.0,0.4000000059604645,0.0,16.0,10.0,6.0
6900.0,84.95482134819031,628.0,2.0,0.800000011920929,0.0,34.0,15.6,6.0
6950.0,85.55505681037903,632.0,3.0,1.0,0.0,38.0,16.4,6.0
7000.0,86.15816402435303,634.0,1.0,0.4000000059604645,0.0,16.0,11.2,6.0
7050.0,86.75898599624634,639.0,2.0,0.800000011920929,0.0,34.0,15.6,6.0
7100.0,87.35001158714294,640.0,2.0,0.800000011920929,0.0,28.0,14.4,6.0
7150.0,87.94500970840454,642.0,4.0,1.399999976158142,0.0,50.0,21.2,6.0
7200.0,88.54662656784058,645.0,4.0,1.399999976158142,0.0,50.0,22.0,6.0
7250.0,89.14771342277527,647.0,3.0,1.2000000476837158,0.0,38.0,20.0,6.0
7300.0,89.74759936332703,648.0,4.0,1.7999999523162842,0.0,54.0,26.4,6.0
7350.0,90.35073590278625,653.0,1.0,0.20000000298023224,0.0,16.0,8.4,6.0
7400.0,90.9507064819336,656.0,0.0,0.0,0.0,16.0,8.0,6.0
7450.0,91.55310606956482,658.0,4.0,1.0,0.0,48.0,18.4,6.0
7500.0,92.15804243087769,661.0,4.0,1.399999976158142,0.0,48.0,22.0,6.0
7550.0,92.75742936134338,661.0,4.0,1.399999976158142,0.0,48.0,22.0,6.0
7600.0,93.36247634887695,661.0,4.0,1.399999976158142,0.0,48.0,22.0,6.0
7650.0,93.9625916481018,661.0,4.0,1.399999976158142,0.0,48.0,22.0,6.0
7700.0,94.5626609325409,662.0,3.0,1.2000000476837158,0.0,209.0,54.2,6.0
7750.0,95.16571283340454,662.0,3.0,1.2000000476837158,0.0,209.0,54.2,6.0
7800.0,95.76779890060425,662.0,3.0,1.2000000476837158,0.0,209.0,54.2,6.0
7850.0,96.37163949012756,662.0,3.0,1.2000000476837158,0.0,209.0,54.2,6.0
7900.0,96.97393155097961,663.0,3.0,1.2000000476837158,0.0,209.0,90.8,6.0
7950.0,97.57763385772705,663.0,3.0,1.2000000476837158,0.0,209.0,90.8,6.0
8000.0,98.17889189720154,664.0,3.0,1.2000000476837158,0.0,209.0,107.0,6.0
8050.0,98.78150534629822,665.0,3.0,1.2000000476837158,0.0,209.0,117.6,16.0
8100.0,99.38056087493896,665.0,3.0,1.2000000476837158,0.0,209.0,117.6,16.0
8150.0,99.98347806930542,666.0,3.0,1.0,0.0,209.0,129.0,59.0
8200.0,100.58812928199768,666.0,3.0,1.0,0.0,209.0,129.0,59.0
8250.0,101.19071745872498,666.0,3.0,1.0,0.0,209.0,129.0,59.0
8300.0,101.79332184791565,666.0,3.0,1.0,0.0,209.0,129.0,59.0
8350.0,102.39530372619629,667.0,1.0,0.6000000238418579,0.0,213.0,129.8,59.0
8400.0,102.99512362480164,667.0,1.0,0.6000000238418579,0.0,213.0,129.8,59.0
8450.0,103.59706163406372,667.0,1.0,0.6000000238418579,0.0,213.0,129.8,59.0
8500.0,104.19985055923462,667.0,1.0,0.6000000238418579,0.0,213.0,129.8,59.0
8550.0,104.79912805557251,668.0,1.0,0.6000000238418579,0.0,213.0,130.8,59.0
8600.0,105.40374898910522,668.0,1.0,0.6000000238418579,0.0,213.0,130.8,59.0
8650.0,106.00620341300964,669.0,1.0,0.4000000059604645,0.0,213.0,130.2,59.0
8700.0,106.61078548431396,669.0,1.0,0.4000000059604645,0.0,213.0,130.2,59.0
8750.0,107.20968222618103,669.0,1.0,0.4000000059604645,0.0,213.0,130.2,59.0
8800.0,107.81406283378601,669.0,1.0,0.4000000059604645,0.0,213.0,130.2,59.0
8850.0,108.41396498680115,670.0,1.0,0.4000000059604645,0.0,213.0,158.2,73.0
8900.0,109.01575374603271,670.0,1.0,0.4000000059604645,0.0,213.0,158.2,73.0
8950.0,109.61861896514893,670.0,1.0,0.4000000059604645,0.0,213.0,158.2,73.0
9000.0,110.2202160358429,670.0,1.0,0.4000000059604645,0.0,213.0,158.2,73.0
9050.0,110.81776237487793,670.0,1.0,0.4000000059604645,0.0,213.0,158.2,73.0
9100.0,111.42184281349182,670.0,1.0,0.4000000059604645,0.0,213.0,158.2,73.0
9150.0,112.02258896827698,670.0,1.0,0.4000000059604645,0.0,213.0,158.2,73.0
9200.0,112.62473154067993,670.0,1.0,0.4000000059604645,0.0,213.0,158.2,73.0
9250.0,113.22693610191345,671.0,1.0,0.6000000238418579,0.0,395.0,222.6,102.0
9300.0,113.8304672241211,672.0,1.0,0.4000000059604645,0.0,395.0,190.6,53.0
9350.0,114.42928576469421,672.0,1.0,0.4000000059604645,0.0,395.0,190.6,53.0
9400.0,115.03367567062378,672.0,1.0,0.4000000059604645,0.0,395.0,190.6,53.0
9450.0,115.63839268684387,672.0,1.0,0.4000000059604645,0.0,395.0,190.6,53.0
9500.0,116.24361300468445,672.0,1.0,0.4000000059604645,0.0,395.0,190.6,53.0
9550.0,116.83945751190186,673.0,1.0,0.4000000059604645,0.0,395.0,201.2,53.0
9600.0,117.44289064407349,674.0,1.0,0.4000000059604645,0.0,395.0,190.4,48.0
9650.0,118.04698729515076,674.0,1.0,0.4000000059604645,0.0,395.0,190.4,48.0
9700.0,118.65067291259766,674.0,1.0,0.4000000059604645,0.0,395.0,190.4,48.0
9750.0,119.25373125076294,674.0,1.0,0.4000000059604645,0.0,395.0,190.4,48.0
9800.0,119.85460257530212,675.0,1.0,0.4000000059604645,0.0,395.0,188.0,48.0
9850.0,120.45715546607971,676.0,1.0,0.20000000298023224,0.0,257.0,121.0,48.0
9900.0,121.05809259414673,677.0,1.0,0.20000000298023224,0.0,257.0,117.2,34.0
9950.0,121.65933346748352,677.0,1.0,0.20000000298023224,0.0,257.0,117.2,34.0
10000.0,122.26591110229492,677.0,1.0,0.20000000298023224,0.0,257.0,117.2,34.0
10050.0,122.86609935760498,677.0,1.0,0.20000000298023224,0.0,257.0,117.2,34.0
10100.0,123.46338534355164,677.0,1.0,0.20000000298023224,0.0,257.0,117.2,34.0
10150.0,124.06192207336426,677.0,1.0,0.20000000298023224,0.0,257.0,117.2,34.0
10200.0,124.66305899620056,677.0,1.0,0.20000000298023224,0.0,257.0,117.2,34.0
10250.0,125.26669025421143,677.0,1.0,0.20000000298023224,0.0,257.0,117.2,34.0
10300.0,125.8589825630188,678.0,1.0,0.20000000298023224,0.0,420.0,149.8,34.0
10350.0,126.46096062660217,678.0,1.0,0.20000000298023224,0.0,420.0,149.8,34.0
10400.0,127.06237959861755,678.0,1.0,0.20000000298023224,0.0,420.0,149.8,34.0
10450.0,127.66220331192017,678.0,1.0,0.20000000298023224,0.0,420.0,149.8,34.0
10500.0,128.2625789642334,678.0,1.0,0.20000000298023224,0.0,420.0,149.8,34.0
10550.0,128.86134815216064,678.0,1.0,0.20000000298023224,0.0,420.0,149.8,34.0
10600.0,129.46048283576965,678.0,1.0,0.20000000298023224,0.0,420.0,149.8,34.0
10650.0,130.06281280517578,678.0,1.0,0.20000000298023224,0.0,420.0,149.8,34.0
10700.0,130.6592562198639,678.0,1.0,0.20000000298023224,0.0,420.0,149.8,34.0
10750.0,131.25865530967712,679.0,1.0,0.20000000298023224,0.0,426.0,225.4,34.0
10800.0,131.85427284240723,679.0,1.0,0.20000000298023224,0.0,426.0,225.4,34.0
10850.0,132.4542942047119,679.0,1.0,0.20000000298023224,0.0,426.0,225.4,34.0
10900.0,133.05060696601868,679.0,1.0,0.20000000298023224,0.0,426.0,225.4,34.0
10950.0,133.65082621574402,679.0,1.0,0.20000000298023224,0.0,426.0,225.4,34.0
11000.0,134.2465844154358,679.0,1.0,0.20000000298023224,0.0,426.0,225.4,34.0
11050.0,134.84240674972534,680.0,1.0,0.20000000298023224,0.0,426.0,249.8,34.0
11100.0,135.4438831806183,680.0,1.0,0.20000000298023224,0.0,426.0,249.8,34.0
11150.0,136.04643416404724,680.0,1.0,0.20000000298023224,0.0,426.0,249.8,34.0
11200.0,136.6422140598297,680.0,1.0,0.20000000298023224,0.0,426.0,249.8,34.0
11250.0,137.24242520332336,681.0,2.0,0.6000000238418579,0.0,426.0,279.4,34.0
11300.0,137.84255933761597,681.0,2.0,0.6000000238418579,0.0,426.0,279.4,34.0
11350.0,138.44362425804138,682.0,2.0,0.6000000238418579,0.0,426.0,289.4,84.0
11400.0,139.03943133354187,682.0,2.0,0.6000000238418579,0.0,426.0,289.4,84.0
11450.0,139.63912510871887,683.0,2.0,0.4000000059604645,0.0,426.0,227.2,84.0
11500.0,140.2432415485382,683.0,2.0,0.4000000059604645,0.0,426.0,227.2,84.0
11550.0,140.8423707485199,683.0,2.0,0.4000000059604645,0.0,426.0,227.2,84.0
11600.0,141.43515253067017,683.0,2.0,0.4000000059604645,0.0,426.0,227.2,84.0
11650.0,142.03805422782898,685.0,2.0,0.4000000059604645,0.0,208.0,119.2,12.0
11700.0,142.641361951828,686.0,0.0,0.0,0.0,183.0,85.6,12.0
11750.0,143.2425594329834,686.0,0.0,0.0,0.0,183.0,85.6,12.0
11800.0,143.84473061561584,686.0,0.0,0.0,0.0,183.0,85.6,12.0
11850.0,144.44117283821106,686.0,0.0,0.0,0.0,183.0,85.6,12.0
11900.0,145.04616332054138,686.0,0.0,0.0,0.0,183.0,85.6,12.0
11950.0,145.64661407470703,686.0,0.0,0.0,0.0,183.0,85.6,12.0
12000.0,146.25118470191956,686.0,0.0,0.0,0.0,183.0,85.6,12.0
12050.0,146.84945034980774,686.0,0.0,0.0,0.0,183.0,85.6,12.0
12100.0,147.4416127204895,688.0,1.0,0.20000000298023224,0.0,400.0,131.2,12.0
12150.0,148.03857016563416,689.0,1.0,0.20000000298023224,0.0,400.0,103.4,12.0
12200.0,148.63643980026245,689.0,1.0,0.20000000298023224,0.0,400.0,103.4,12.0
12250.0,149.23615217208862,689.0,1.0,0.20000000298023224,0.0,400.0,103.4,12.0
12300.0,149.84259963035583,690.0,1.0,0.20000000298023224,0.0,400.0,131.0,21.0
12350.0,150.44706439971924,690.0,1.0,0.20000000298023224,0.0,400.0,131.0,21.0
12400.0,151.047292470932,690.0,1.0,0.20000000298023224,0.0,400.0,131.0,21.0
12450.0,151.64985466003418,690.0,1.0,0.20000000298023224,0.0,400.0,131.0,21.0
12500.0,152.25164103507996,690.0,1.0,0.20000000298023224,0.0,400.0,131.0,21.0
12550.0,152.8526327610016,690.0,1.0,0.20000000298023224,0.0,400.0,131.0,21.0
12600.0,153.4558882713318,690.0,1.0,0.20000000298023224,0.0,400.0,131.0,21.0
12650.0,154.0566155910492,690.0,1.0,0.20000000298023224,0.0,400.0,131.0,21.0
12700.0,154.65932941436768,690.0,1.0,0.20000000298023224,0.0,400.0,131.0,21.0
12750.0,155.2626132965088,690.0,1.0,0.20000000298023224,0.0,400.0,131.0,21.0
12800.0,155.8575394153595,690.0,1.0,0.20000000298023224,0.0,400.0,131.0,21.0
12850.0,156.46063208580017,690.0,1.0,0.20000000298023224,0.0,400.0,131.0,21.0
12900.0,157.06365609169006,690.0,1.0,0.20000000298023224,0.0,400.0,131.0,21.0
12950.0,157.669753074646,690.0,1.0,0.20000000298023224,0.0,400.0,131.0,21.0
13000.0,158.27313017845154,691.0,1.0,0.4000000059604645,0.0,710.0,265.0,21.0
13050.0,158.86399006843567,691.0,1.0,0.4000000059604645,0.0,710.0,265.0,21.0
13100.0,159.4535665512085,691.0,1.0,0.4000000059604645,0.0,710.0,265.0,21.0
13150.0,160.04617166519165,691.0,1.0,0.4000000059604645,0.0,710.0,265.0,21.0
13200.0,160.63630056381226,691.0,1.0,0.4000000059604645,0.0,710.0,265.0,21.0
13250.0,161.2274408340454,691.0,1.0,0.4000000059604645,0.0,710.0,265.0,21.0
13300.0,161.82109141349792,691.0,1.0,0.4000000059604645,0.0,710.0,265.0,21.0
13350.0,162.41477727890015,691.0,1.0,0.4000000059604645,0.0,710.0,265.0,21.0
13400.0,163.00748348236084,691.0,1.0,0.4000000059604645,0.0,710.0,265.0,21.0
13450.0,163.60138320922852,691.0,1.0,0.4000000059604645,0.0,710.0,265.0,21.0
13500.0,164.19524502754211,691.0,1.0,0.4000000059604645,0.0,710.0,265.0,21.0
13550.0,164.79008030891418,691.0,1.0,0.4000000059604645,0.0,710.0,265.0,21.0
13600.0,165.37935876846313,691.0,1.0,0.4000000059604645,0.0,710.0,265.0,21.0
13650.0,165.95954942703247,691.0,1.0,0.4000000059604645,0.0,710.0,265.0,21.0
13700.0,166.54687309265137,692.0,1.0,0.4000000059604645,0.0,710.0,325.4,21.0
13750.0,167.12643814086914,693.0,1.0,0.4000000059604645,0.0,710.0,329.8,43.0
13800.0,167.71636724472046,693.0,1.0,0.4000000059604645,0.0,710.0,329.8,43.0
13850.0,168.31031560897827,693.0,1.0,0.4000000059604645,0.0,710.0,329.8,43.0
13900.0,168.90187764167786,694.0,2.0,0.800000011920929,0.0,710.0,350.0,43.0
13950.0,169.49739146232605,694.0,2.0,0.800000011920929,0.0,710.0,350.0,43.0
14000.0,170.09012985229492,694.0,2.0,0.800000011920929,0.0,710.0,350.0,43.0
14050.0,170.6816110610962,694.0,2.0,0.800000011920929,0.0,710.0,350.0,43.0
14100.0,171.27292943000793,694.0,2.0,0.800000011920929,0.0,710.0,350.0,43.0
14150.0,171.86466884613037,694.0,2.0,0.800000011920929,0.0,710.0,350.0,43.0
14200.0,172.45767736434937,694.0,2.0,0.800000011920929,0.0,710.0,350.0,43.0
14250.0,173.0532238483429,694.0,2.0,0.800000011920929,0.0,710.0,350.0,43.0
14300.0,173.6458888053894,695.0,2.0,1.0,0.0,710.0,402.0,43.0
14350.0,174.236186504364,696.0,2.0,0.800000011920929,0.0,702.0,269.6,43.0
14400.0,174.82406520843506,697.0,2.0,0.6000000238418579,0.0,410.0,137.6,42.0
14450.0,175.41814923286438,698.0,2.0,0.6000000238418579,0.0,410.0,136.6,38.0
14500.0,176.0102596282959,698.0,2.0,0.6000000238418579,0.0,410.0,136.6,38.0
14550.0,176.6036205291748,698.0,2.0,0.6000000238418579,0.0,410.0,136.6,38.0
14600.0,177.19812726974487,699.0,1.0,0.20000000298023224,0.0,410.0,139.6,38.0
14650.0,177.79014897346497,699.0,1.0,0.20000000298023224,0.0,410.0,139.6,38.0
14700.0,178.38585329055786,700.0,0.0,0.0,0.0,160.0,80.0,38.0
14750.0,178.98138332366943,700.0,0.0,0.0,0.0,160.0,80.0,38.0
14800.0,179.57401037216187,700.0,0.0,0.0,0.0,160.0,80.0,38.0
14850.0,180.16653060913086,700.0,0.0,0.0,0.0,160.0,80.0,38.0
14900.0,180.75854468345642,700.0,0.0,0.0,0.0,160.0,80.0,38.0
14950.0,181.35126209259033,701.0,1.0,0.20000000298023224,0.0,251.0,120.6,38.0
15000.0,181.94318008422852,702.0,1.0,0.20000000298023224,0.0,251.0,121.0,38.0
15050.0,182.542475938797,702.0,1.0,0.20000000298023224,0.0,251.0,121.0,38.0
15100.0,183.13861298561096,703.0,2.0,0.6000000238418579,0.0,251.0,129.6,44.0
15150.0,183.73417973518372,703.0,2.0,0.6000000238418579,0.0,251.0,129.6,44.0
15200.0,184.33021068572998,704.0,5.0,1.600000023841858,0.0,251.0,119.8,44.0
15250.0,184.925518989563,705.0,5.0,2.200000047683716,0.0,251.0,111.0,44.0
15300.0,185.52358436584473,706.0,5.0,2.0,0.0,111.0,69.0,41.0
15350.0,186.11803340911865,707.0,5.0,2.5999999046325684,0.0,111.0,68.2,40.0
15400.0,186.71566724777222,708.0,5.0,2.799999952316284,0.0,111.0,66.0,40.0
15450.0,187.31144523620605,709.0,5.0,2.799999952316284,0.0,70.0,53.8,40.0
15500.0,187.90496683120728,711.0,5.0,2.5999999046325684,1.0,70.0,41.6,20.0
15550.0,188.50265526771545,711.0,5.0,2.5999999046325684,1.0,70.0,41.6,20.0
15600.0,189.09916424751282,713.0,5.0,2.4000000953674316,1.0,72.0,37.4,17.0
15650.0,189.69468569755554,713.0,5.0,2.4000000953674316,1.0,72.0,37.4,17.0
15700.0,190.2944986820221,713.0,5.0,2.4000000953674316,1.0,72.0,37.4,17.0
15750.0,190.88780164718628,713.0,5.0,2.4000000953674316,1.0,72.0,37.4,17.0
15800.0,191.4828817844391,714.0,6.0,2.5999999046325684,1.0,183.0,64.0,17.0
15850.0,192.08204627037048,714.0,6.0,2.5999999046325684,1.0,183.0,64.0,17.0
15900.0,192.67950630187988,716.0,6.0,3.4000000953674316,1.0,183.0,77.8,17.0
15950.0,193.27808904647827,717.0,6.0,3.0,1.0,183.0,75.8,17.0
16000.0,193.87492895126343,717.0,6.0,3.0,1.0,183.0,75.8,17.0
16050.0,194.47611021995544,719.0,5.0,3.4000000953674316,1.0,100.0,55.4,17.0
16100.0,195.06841278076172,721.0,5.0,2.799999952316284,1.0,71.0,40.0,17.0
16150.0,195.66106343269348,722.0,5.0,3.4000000953674316,1.0,71.0,40.2,17.0
16200.0,196.25790929794312,723.0,5.0,2.799999952316284,1.0,63.0,34.0,17.0
16250.0,196.85371088981628,723.0,5.0,2.799999952316284,1.0,63.0,34.0,17.0
16300.0,197.45172381401062,724.0,5.0,2.5999999046325684,1.0,101.0,48.8,17.0
16350.0,198.05352592468262,725.0,5.0,2.4000000953674316,1.0,101.0,50.0,17.0
16400.0,198.6505789756775,725.0,5.0,2.4000000953674316,1.0,101.0,50.0,17.0
16450.0,199.24929237365723,725.0,5.0,2.4000000953674316,1.0,101.0,50.0,17.0
16500.0,199.84534168243408,726.0,15.0,5.199999809265137,1.0,170.0,80.6,29.0
16550.0,200.44062852859497,727.0,15.0,4.400000095367432,1.0,170.0,76.0,29.0
16600.0,201.0406572818756,728.0,15.0,5.400000095367432,1.0,170.0,80.0,29.0
16650.0,201.63878393173218,728.0,15.0,5.400000095367432,1.0,170.0,80.0,29.0
16700.0,202.23705911636353,729.0,15.0,6.400000095367432,1.0,170.0,78.0,29.0
16750.0,202.8338143825531,730.0,15.0,8.0,1.0,170.0,85.8,40.0
16800.0,203.43120455741882,731.0,9.0,6.0,1.0,91.0,60.4,40.0
16850.0,204.02925634384155,732.0,9.0,6.599999904632568,4.0,91.0,60.0,38.0
16900.0,204.62667632102966,733.0,9.0,6.199999809265137,4.0,91.0,58.0,38.0
16950.0,205.22508907318115,734.0,9.0,5.400000095367432,4.0,68.0,51.8,38.0
17000.0,205.81706547737122,734.0,9.0,5.400000095367432,4.0,68.0,51.8,38.0
17050.0,206.41680717468262,735.0,10.0,5.599999904632568,4.0,90.0,56.2,38.0
17100.0,207.00915360450745,735.0,10.0,5.599999904632568,4.0,90.0,56.2,38.0
17150.0,207.59397387504578,736.0,10.0,6.599999904632568,4.0,90.0,65.6,38.0
17200.0,208.19126772880554,737.0,10.0,7.599999904632568,4.0,90.0,70.4,50.0
17250.0,208.7862045764923,737.0,10.0,7.599999904632568,4.0,90.0,70.4,50.0
17300.0,209.3823118209839,739.0,10.0,8.399999618530273,4.0,90.0,71.6,28.0
17350.0,209.97905254364014,740.0,10.0,7.400000095367432,4.0,90.0,62.2,28.0
17400.0,210.57308197021484,741.0,9.0,6.800000190734863,4.0,88.0,54.2,28.0
17450.0,211.17134618759155,742.0,9.0,5.599999904632568,3.0,88.0,49.6,28.0
17500.0,211.7676944732666,744.0,7.0,5.0,3.0,50.0,40.0,28.0
17550.0,212.36608982086182,745.0,7.0,5.400000095367432,3.0,53.0,42.0,28.0
17600.0,212.96414351463318,746.0,7.0,5.0,3.0,53.0,37.8,28.0
17650.0,213.55823802947998,747.0,7.0,5.800000190734863,4.0,61.0,42.2,28.0
17700.0,214.1530556678772,748.0,8.0,6.199999809265137,4.0,61.0,46.0,28.0
17750.0,214.74582839012146,749.0,8.0,5.800000190734863,2.0,61.0,44.4,20.0
17800.0,215.34266757965088,750.0,10.0,6.400000095367432,2.0,70.0,47.8,20.0
17850.0,215.93282866477966,750.0,10.0,6.400000095367432,2.0,70.0,47.8,20.0
17900.0,216.5309042930603,751.0,10.0,7.199999809265137,2.0,80.0,58.0,20.0
17950.0,217.12556886672974,752.0,11.0,8.0,2.0,81.0,62.0,20.0
18000.0,217.72013592720032,754.0,11.0,7.0,2.0,81.0,55.4,17.0
18050.0,218.31820225715637,755.0,11.0,6.199999809265137,2.0,81.0,50.4,17.0
18100.0,218.91508626937866,756.0,11.0,5.800000190734863,2.0,81.0,46.0,17.0
18150.0,219.50975131988525,757.0,7.0,4.599999904632568,2.0,58.0,40.2,17.0
18200.0,220.1070053577423,758.0,7.0,5.0,2.0,58.0,42.4,17.0
18250.0,220.700519323349,759.0,7.0,5.400000095367432,4.0,58.0,44.6,28.0
18300.0,221.30030584335327,760.0,8.0,5.800000190734863,4.0,60.0,47.6,28.0
18350.0,221.89291834831238,761.0,10.0,6.400000095367432,4.0,72.0,50.4,28.0
18400.0,222.4784653186798,762.0,10.0,5.800000190734863,2.0,72.0,43.6,18.0
18450.0,223.07092714309692,763.0,11.0,7.0,2.0,72.0,50.0,18.0
18500.0,223.66699409484863,764.0,11.0,7.199999809265137,2.0,72.0,54.0,18.0
18550.0,224.26365876197815,765.0,11.0,6.400000095367432,2.0,72.0,48.0,18.0
18600.0,224.8606629371643,767.0,11.0,6.0,2.0,72.0,45.4,17.0
18650.0,225.4617133140564,768.0,8.0,4.199999809265137,2.0,60.0,37.6,17.0
18700.0,226.0547399520874,769.0,9.0,5.0,2.0,72.0,42.4,17.0
18750.0,226.6501955986023,770.0,9.0,5.400000095367432,2.0,72.0,44.0,17.0
18800.0,227.24720120429993,770.0,9.0,5.400000095367432,2.0,72.0,44.0,17.0
18850.0,227.8422474861145,771.0,14.0,6.599999904632568,2.0,110.0,54.0,17.0
18900.0,228.43838119506836,772.0,14.0,7.599999904632568,2.0,110.0,60.6,33.0
18950.0,229.03462553024292,772.0,14.0,7.599999904632568,2.0,110.0,60.6,33.0
19000.0,229.63386750221252,773.0,14.0,9.399999618530273,6.0,110.0,68.0,38.0
19050.0,230.23132610321045,774.0,14.0,9.800000190734863,6.0,110.0,67.6,38.0
19100.0,230.8228051662445,774.0,14.0,9.800000190734863,6.0,110.0,67.6,38.0
19150.0,231.42237401008606,775.0,14.0,10.800000190734863,7.0,110.0,80.6,50.0
19200.0,232.01858353614807,776.0,11.0,9.399999618530273,7.0,103.0,70.2,50.0
19250.0,232.61270689964294,778.0,11.0,6.800000190734863,2.0,103.0,53.6,17.0
19300.0,233.21040081977844,779.0,11.0,5.599999904632568,2.0,103.0,48.0,17.0
19350.0,233.81000065803528,781.0,6.0,3.5999999046325684,2.0,50.0,29.2,17.0
19400.0,234.40684247016907,783.0,6.0,4.0,2.0,50.0,32.0,17.0
19450.0,235.00439858436584,784.0,6.0,3.799999952316284,2.0,50.0,30.4,17.0
19500.0,235.5955455303192,785.0,9.0,4.400000095367432,2.0,69.0,34.2,17.0
19550.0,236.18027687072754,785.0,9.0,4.400000095367432,2.0,69.0,34.2,17.0
19600.0,236.7607123851776,785.0,9.0,4.400000095367432,2.0,69.0,34.2,17.0
19650.0,237.32818746566772,786.0,14.0,6.800000190734863,3.0,129.0,56.6,23.0
19700.0,237.90760731697083,787.0,14.0,7.0,4.0,129.0,64.0,28.0
19750.0,238.4880702495575,788.0,14.0,7.400000095367432,4.0,129.0,70.4,34.0
19800.0,239.06849598884583,789.0,14.0,7.400000095367432,4.0,129.0,69.8,31.0
19850.0,239.64696097373962,789.0,14.0,7.400000095367432,4.0,129.0,69.8,31.0
19900.0,240.22722744941711,790.0,14.0,8.0,4.0,129.0,78.0,31.0
19950.0,240.80747294425964,790.0,14.0,8.0,4.0,129.0,78.0,31.0
20000.0,241.39078760147095,791.0,15.0,8.199999809265137,4.0,110.0,72.6,31.0
20050.0,241.9723527431488,792.0,15.0,8.0,3.0,110.0,66.0,27.0
20100.0,242.55379962921143,793.0,15.0,8.600000381469727,3.0,110.0,68.2,27.0
20150.0,243.13446021080017,794.0,15.0,9.399999618530273,3.0,110.0,71.8,27.0
20200.0,243.7150321006775,795.0,15.0,8.399999618530273,3.0,102.0,60.0,27.0
20250.0,244.29884505271912,796.0,9.0,6.800000190734863,3.0,71.0,49.8,27.0
20300.0,244.88044118881226,797.0,9.0,7.599999904632568,7.0,71.0,54.0,48.0
20350.0,245.4601981639862,798.0,8.0,6.800000190734863,5.0,51.0,45.8,30.0
20400.0,246.04184746742249,799.0,11.0,7.400000095367432,5.0,70.0,50.0,30.0
20450.0,246.62351274490356,800.0,11.0,7.599999904632568,5.0,70.0,50.2,30.0
20500.0,247.20453882217407,801.0,11.0,7.199999809265137,5.0,70.0,47.6,30.0
20550.0,247.7854688167572,802.0,11.0,7.400000095367432,5.0,70.0,50.4,30.0
20600.0,248.36497902870178,802.0,11.0,7.400000095367432,5.0,70.0,50.4,30.0
20650.0,248.94722080230713,802.0,11.0,7.400000095367432,5.0,70.0,50.4,30.0
20700.0,249.52872943878174,804.0,19.0,8.399999618530273,2.0,139.0,61.6,17.0
20750.0,250.10762786865234,804.0,19.0,8.399999618530273,2.0,139.0,61.6,17.0
20800.0,250.6869547367096,805.0,19.0,9.199999809265137,2.0,139.0,71.4,17.0
20850.0,251.26907396316528,806.0,19.0,9.399999618530273,2.0,139.0,72.4,17.0
20900.0,251.8493571281433,807.0,19.0,9.199999809265137,2.0,139.0,69.6,17.0
20950.0,252.4306082725525,808.0,12.0,6.800000190734863,2.0,101.0,53.6,17.0
21000.0,253.01092648506165,809.0,12.0,7.599999904632568,6.0,101.0,58.8,43.0
21050.0,253.59230732917786,810.0,7.0,6.599999904632568,6.0,59.0,46.4,39.0
21100.0,254.17266297340393,811.0,7.0,6.800000190734863,6.0,59.0,47.6,39.0
21150.0,254.7535638809204,812.0,7.0,6.800000190734863,6.0,59.0,46.2,39.0
21200.0,255.3343141078949,813.0,13.0,8.0,6.0,79.0,50.2,39.0
21250.0,255.913818359375,814.0,13.0,7.599999904632568,4.0,79.0,49.8,39.0
21300.0,256.49383425712585,815.0,13.0,8.0,4.0,79.0,53.6,41.0
21350.0,257.072993516922,816.0,13.0,7.800000190734863,4.0,79.0,53.8,41.0
21400.0,257.65435886383057,817.0,13.0,7.400000095367432,4.0,79.0,54.0,41.0
21450.0,258.23501658439636,818.0,9.0,5.599999904632568,4.0,58.0,44.0,29.0
21500.0,258.8161368370056,820.0,8.0,5.0,2.0,60.0,39.8,18.0
21550.0,259.39761304855347,820.0,8.0,5.0,2.0,60.0,39.8,18.0
21600.0,259.9799757003784,821.0,8.0,5.400000095367432,2.0,72.0,44.2,18.0
21650.0,260.5588643550873,822.0,8.0,6.0,2.0,72.0,47.8,18.0
21700.0,261.1404469013214,824.0,8.0,5.199999809265137,2.0,72.0,41.4,17.0
21750.0,261.7213487625122,825.0,8.0,6.400000095367432,2.0,72.0,48.4,17.0
21800.0,262.30177116394043,826.0,8.0,6.199999809265137,2.0,60.0,44.4,17.0
21850.0,262.88245463371277,827.0,8.0,5.599999904632568,2.0,53.0,42.0,17.0
21900.0,263.4651503562927,828.0,8.0,5.800000190734863,2.0,62.0,46.4,17.0
21950.0,264.04724884033203,829.0,8.0,6.199999809265137,4.0,62.0,50.6,38.0
22000.0,264.62911772727966,830.0,7.0,5.800000190734863,4.0,62.0,48.0,38.0
22050.0,265.20896339416504,831.0,7.0,5.800000190734863,4.0,62.0,47.8,38.0
22100.0,265.7880892753601,831.0,7.0,5.800000190734863,4.0,62.0,47.8,38.0
22150.0,266.3695993423462,831.0,7.0,5.800000190734863,4.0,62.0,47.8,38.0
22200.0,266.9509656429291,831.0,7.0,5.800000190734863,4.0,62.0,47.8,38.0
22250.0,267.5329451560974,832.0,27.0,10.199999809265137,4.0,210.0,80.2,38.0
22300.0,268.11439633369446,833.0,27.0,10.600000381469727,4.0,210.0,79.6,38.0
22350.0,268.6962254047394,833.0,27.0,10.600000381469727,4.0,210.0,79.6,38.0
22400.0,269.27698159217834,835.0,27.0,11.199999809265137,3.0,210.0,83.4,27.0
22450.0,269.8571927547455,836.0,27.0,11.399999618530273,3.0,210.0,81.8,27.0
22500.0,270.43754839897156,837.0,10.0,7.0,3.0,70.0,45.8,27.0
22550.0,271.0149896144867,843.0,0.0,0.0,0.0,6.0,6.0,6.0
22600.0,271.5915343761444,849.0,0.0,0.0,0.0,6.0,6.0,6.0
22650.0,272.16917634010315,853.0,1.0,0.4000000059604645,0.0,20.0,10.8,6.0
22700.0,272.7456934452057,857.0,1.0,0.4000000059604645,0.0,16.0,11.2,6.0
22750.0,273.3257942199707,862.0,1.0,0.6000000238418579,0.0,22.0,13.2,6.0
22800.0,273.9024341106415,865.0,1.0,0.6000000238418579,0.0,16.0,12.0,6.0
22850.0,274.4775938987732,869.0,1.0,0.6000000238418579,0.0,16.0,12.4,6.0
22900.0,275.05451369285583,874.0,1.0,0.20000000298023224,0.0,16.0,9.2,6.0
22950.0,275.6306486129761,880.0,1.0,0.20000000298023224,0.0,16.0,8.0,6.0
23000.0,276.2072298526764,885.0,1.0,0.4000000059604645,0.0,16.0,10.8,6.0
23050.0,276.7853009700775,891.0,1.0,0.20000000298023224,0.0,16.0,8.0,6.0
23100.0,277.36332654953003,897.0,1.0,0.20000000298023224,0.0,16.0,8.0,6.0
23150.0,277.9397439956665,902.0,1.0,0.4000000059604645,0.0,20.0,10.8,6.0
23200.0,278.51514506340027,904.0,1.0,0.6000000238418579,0.0,16.0,12.0,6.0
23250.0,279.09176564216614,905.0,2.0,0.800000011920929,0.0,34.0,15.6,6.0
23300.0,279.6658959388733,908.0,3.0,1.600000023841858,0.0,40.0,24.4,6.0
23350.0,280.24219942092896,910.0,3.0,1.600000023841858,0.0,40.0,23.2,6.0
23400.0,280.8184115886688,913.0,3.0,1.2000000476837158,0.0,38.0,20.0,6.0
23450.0,281.39602971076965,918.0,2.0,0.6000000238418579,0.0,28.0,12.4,6.0
23500.0,281.9716145992279,921.0,2.0,0.6000000238418579,0.0,28.0,12.4,6.0
23550.0,282.5488040447235,924.0,2.0,0.800000011920929,0.0,28.0,16.4,6.0
23600.0,283.12852907180786,926.0,3.0,1.2000000476837158,0.0,40.0,20.8,6.0
23650.0,283.70528173446655,929.0,3.0,1.2000000476837158,0.0,40.0,20.4,6.0
23700.0,284.2817237377167,934.0,1.0,0.4000000059604645,0.0,16.0,12.0,6.0
23750.0,284.8584129810333,937.0,2.0,0.6000000238418579,0.0,26.0,12.0,6.0
23800.0,285.4359908103943,942.0,1.0,0.4000000059604645,0.0,16.0,10.4,6.0
23850.0,286.01257252693176,945.0,2.0,0.6000000238418579,0.0,26.0,12.0,6.0
23900.0,286.5879683494568,949.0,2.0,0.6000000238418579,0.0,26.0,12.4,6.0
23950.0,287.1658089160919,953.0,1.0,0.4000000059604645,0.0,16.0,11.2,6.0
24000.0,287.7439203262329,954.0,1.0,0.6000000238418579,0.0,22.0,14.4,6.0
24050.0,288.3205533027649,957.0,4.0,1.600000023841858,0.0,50.0,24.0,6.0
24100.0,288.89873933792114,960.0,2.0,1.0,0.0,26.0,16.4,6.0
24150.0,289.47590351104736,963.0,2.0,0.800000011920929,0.0,28.0,14.4,6.0
24200.0,290.0516953468323,966.0,3.0,0.6000000238418579,0.0,40.0,12.8,6.0
24250.0,290.62816309928894,969.0,2.0,0.6000000238418579,0.0,36.0,14.0,6.0
24300.0,291.2060673236847,971.0,2.0,1.2000000476837158,0.0,36.0,20.8,6.0
24350.0,291.78243923187256,974.0,2.0,1.0,0.0,28.0,18.0,6.0
24400.0,292.36031556129456,977.0,2.0,0.800000011920929,0.0,26.0,14.4,6.0
24450.0,292.9399046897888,978.0,3.0,1.2000000476837158,0.0,38.0,18.8,6.0
24500.0,293.51623463630676,982.0,3.0,1.399999976158142,0.0,40.0,21.2,6.0
24550.0,294.093594789505,984.0,2.0,0.800000011920929,0.0,28.0,15.6,6.0
24600.0,294.6709318161011,985.0,2.0,1.0,0.0,34.0,19.2,6.0
24650.0,295.2484509944916,988.0,3.0,1.7999999523162842,1.0,38.0,26.4,16.0
24700.0,295.8242356777191,992.0,1.0,0.6000000238418579,0.0,18.0,12.4,6.0
24750.0,296.40192317962646,997.0,1.0,0.4000000059604645,0.0,16.0,11.2,6.0
24800.0,296.9756875038147,1002.0,1.0,0.4000000059604645,0.0,16.0,10.0,6.0
24850.0,297.5536985397339,1007.0,2.0,0.4000000059604645,0.0,26.0,10.0,6.0
24900.0,298.1315665245056,1012.0,1.0,0.4000000059604645,0.0,16.0,10.0,6.0
24950.0,298.70734095573425,1017.0,1.0,0.4000000059604645,0.0,16.0,10.0,6.0
25000.0,299.2857172489166,1020.0,1.0,0.4000000059604645,0.0,16.0,10.0,6.0
25050.0,299.8631875514984,1026.0,0.0,0.0,0.0,6.0,6.0,6.0
25100.0,300.4401857852936,1029.0,1.0,0.4000000059604645,0.0,20.0,10.8,6.0
25150.0,301.01587653160095,1032.0,2.0,1.0,0.0,28.0,16.4,6.0
25200.0,301.5933930873871,1033.0,4.0,1.7999999523162842,1.0,50.0,25.2,16.0
25250.0,302.1723518371582,1034.0,4.0,2.0,1.0,50.0,27.6,16.0
25300.0,302.75071358680725,1036.0,4.0,2.200000047683716,1.0,50.0,30.0,16.0
25350.0,303.32915711402893,1037.0,4.0,2.5999999046325684,1.0,50.0,35.6,16.0
25400.0,303.9068126678467,1040.0,4.0,1.7999999523162842,0.0,52.0,26.8,6.0
25450.0,304.48432421684265,1041.0,4.0,2.200000047683716,0.0,52.0,31.2,6.0
25500.0,305.0636959075928,1044.0,3.0,1.2000000476837158,0.0,38.0,18.8,6.0
25550.0,305.63989520072937,1049.0,1.0,0.4000000059604645,0.0,18.0,10.4,6.0
25600.0,306.2166953086853,1050.0,4.0,1.0,0.0,60.0,18.8,6.0
25650.0,306.79455518722534,1053.0,4.0,1.399999976158142,0.0,60.0,22.8,6.0
25700.0,307.3726532459259,1058.0,1.0,0.4000000059604645,0.0,18.0,10.4,6.0
25750.0,307.9502823352814,1061.0,2.0,0.800000011920929,0.0,26.0,14.0,6.0
25800.0,308.5291450023651,1063.0,2.0,0.800000011920929,0.0,26.0,14.4,6.0
25850.0,309.10625553131104,1068.0,2.0,0.800000011920929,0.0,34.0,15.6,6.0
25900.0,309.6837408542633,1073.0,1.0,0.20000000298023224,0.0,16.0,8.0,6.0
25950.0,310.2609212398529,1076.0,2.0,0.6000000238418579,0.0,28.0,14.4,6.0
26000.0,310.83556056022644,1079.0,2.0,1.2000000476837158,1.0,28.0,18.4,16.0
26050.0,311.41244673728943,1082.0,2.0,0.800000011920929,0.0,28.0,14.8,6.0
26100.0,311.9907250404358,1085.0,2.0,1.0,0.0,28.0,18.8,6.0
26150.0,312.5662159919739,1086.0,2.0,1.0,0.0,28.0,18.4,6.0
26200.0,313.1445939540863,1088.0,3.0,2.0,1.0,40.0,27.6,16.0
26250.0,313.7217137813568,1090.0,3.0,1.399999976158142,0.0,40.0,22.4,6.0
26300.0,314.29811358451843,1093.0,4.0,1.0,0.0,54.0,18.8,6.0
26350.0,314.87416887283325,1096.0,2.0,0.800000011920929,0.0,28.0,14.4,6.0
26400.0,315.4500412940979,1099.0,2.0,1.0,0.0,28.0,16.4,6.0
26450.0,316.02598214149475,1101.0,2.0,1.399999976158142,1.0,28.0,20.8,16.0
26500.0,316.5978124141693,1104.0,2.0,1.2000000476837158,1.0,28.0,20.0,16.0
26550.0,317.16531443595886,1107.0,1.0,0.6000000238418579,0.0,16.0,12.4,6.0
26600.0,317.7394471168518,1110.0,5.0,1.2000000476837158,0.0,60.0,18.8,6.0
26650.0,318.36646366119385,1112.0,5.0,1.399999976158142,0.0,60.0,20.8,6.0
26700.0,318.99149107933044,1115.0,2.0,1.2000000476837158,1.0,34.0,19.6,16.0
26750.0,319.60867953300476,1118.0,1.0,1.0,1.0,18.0,16.4,16.0
26800.0,320.20711636543274,1119.0,2.0,1.2000000476837158,1.0,28.0,18.8,16.0
26850.0,320.8196339607239,1120.0,4.0,1.7999999523162842,1.0,52.0,26.0,16.0
26900.0,321.4324617385864,1122.0,4.0,2.200000047683716,0.0,52.0,30.0,6.0
26950.0,322.1045935153961,1124.0,4.0,2.200000047683716,0.0,52.0,31.2,6.0
27000.0,322.8437066078186,1125.0,5.0,2.4000000953674316,0.0,66.0,34.0,6.0
27050.0,323.5984377861023,1127.0,5.0,2.200000047683716,0.0,66.0,32.0,6.0
27100.0,324.35456347465515,1130.0,2.0,1.2000000476837158,1.0,28.0,20.0,16.0
27150.0,325.11268758773804,1131.0,2.0,1.2000000476837158,1.0,28.0,20.0,16.0
27200.0,325.8649263381958,1134.0,3.0,1.600000023841858,1.0,40.0,23.2,16.0
27250.0,326.6607060432434,1137.0,1.0,0.800000011920929,0.0,18.0,14.4,6.0
27300.0,327.4544439315796,1139.0,3.0,1.2000000476837158,0.0,40.0,19.2,6.0
27350.0,328.22322964668274,1142.0,3.0,1.399999976158142,1.0,40.0,22.0,16.0
27400.0,328.981285572052,1143.0,1.0,1.0,1.0,22.0,17.6,16.0
27450.0,329.7681608200073,1144.0,5.0,1.7999999523162842,1.0,60.0,26.4,16.0
27500.0,330.5220561027527,1145.0,5.0,2.5999999046325684,1.0,62.0,34.4,16.0
27550.0,331.3030161857605,1147.0,5.0,2.799999952316284,1.0,62.0,36.8,18.0
27600.0,332.0991554260254,1149.0,5.0,2.4000000953674316,1.0,62.0,33.2,18.0
27650.0,332.89622712135315,1150.0,3.0,2.0,1.0,46.0,30.0,18.0
27700.0,333.6906614303589,1151.0,5.0,2.799999952316284,2.0,60.0,38.4,26.0
27750.0,334.4889304637909,1154.0,5.0,2.200000047683716,0.0,60.0,31.2,8.0
27800.0,335.2863733768463,1157.0,2.0,1.2000000476837158,1.0,26.0,18.4,16.0
27850.0,336.0817792415619,1161.0,1.0,0.6000000238418579,0.0,18.0,12.4,6.0
27900.0,336.8764624595642,1164.0,1.0,0.800000011920929,0.0,22.0,15.2,6.0
27950.0,337.6672124862671,1167.0,1.0,1.0,1.0,18.0,16.4,16.0
28000.0,338.45745944976807,1170.0,1.0,1.0,1.0,18.0,16.4,16.0
28050.0,339.1892819404602,1171.0,2.0,1.2000000476837158,1.0,30.0,19.2,16.0
28100.0,339.93572998046875,1172.0,5.0,2.0,1.0,60.0,28.0,16.0
28150.0,340.69038915634155,1175.0,5.0,2.0,0.0,60.0,28.0,6.0
28200.0,341.44721126556396,1177.0,2.0,1.399999976158142,0.0,28.0,21.2,6.0
28250.0,342.20772099494934,1180.0,2.0,1.399999976158142,1.0,28.0,22.0,16.0
28300.0,342.97024941444397,1182.0,2.0,1.2000000476837158,1.0,28.0,19.6,16.0
28350.0,343.73191499710083,1186.0,1.0,0.6000000238418579,0.0,24.0,13.6,6.0
28400.0,344.4899117946625,1189.0,1.0,0.6000000238418579,0.0,22.0,13.2,6.0
28450.0,345.25069546699524,1191.0,2.0,1.2000000476837158,0.0,28.0,20.0,6.0
28500.0,346.0062553882599,1193.0,2.0,1.600000023841858,1.0,34.0,24.4,16.0
28550.0,346.76832842826843,1196.0,2.0,1.2000000476837158,1.0,34.0,20.8,16.0
28600.0,347.5285596847534,1197.0,3.0,1.399999976158142,1.0,40.0,22.0,16.0
28650.0,348.2893943786621,1200.0,3.0,1.399999976158142,1.0,40.0,21.2,16.0
28700.0,349.0797743797302,1202.0,2.0,1.399999976158142,1.0,28.0,20.8,16.0
28750.0,349.8401834964752,1205.0,2.0,1.399999976158142,1.0,28.0,22.0,16.0
28800.0,350.60173201560974,1207.0,2.0,1.2000000476837158,1.0,26.0,20.0,16.0
28850.0,351.35522198677063,1210.0,2.0,1.2000000476837158,1.0,26.0,20.0,16.0
28900.0,352.104412317276,1212.0,1.0,1.0,1.0,24.0,18.0,16.0
28950.0,352.86734318733215,1213.0,3.0,1.399999976158142,1.0,46.0,22.4,16.0
29000.0,353.62155199050903,1215.0,4.0,2.0,1.0,48.0,28.8,16.0
29050.0,354.3820662498474,1217.0,4.0,2.200000047683716,1.0,48.0,32.0,16.0
29100.0,355.13949489593506,1219.0,2.0,1.399999976158142,1.0,28.0,23.6,16.0
29150.0,355.88818621635437,1220.0,2.0,1.600000023841858,1.0,34.0,27.2,24.0
29200.0,356.64234733581543,1222.0,4.0,2.0,1.0,48.0,30.0,16.0
29250.0,357.40040159225464,1225.0,4.0,1.399999976158142,0.0,48.0,22.0,6.0
29300.0,358.1622769832611,1226.0,4.0,1.399999976158142,0.0,50.0,22.4,6.0
29350.0,358.9166569709778,1227.0,4.0,2.0,0.0,50.0,29.2,6.0
29400.0,359.669730424881,1228.0,4.0,2.4000000953674316,0.0,50.0,32.0,6.0
29450.0,360.4291925430298,1230.0,4.0,3.0,1.0,50.0,38.8,16.0
29500.0,361.1820297241211,1232.0,4.0,2.0,1.0,50.0,28.8,16.0
29550.0,361.941691160202,1234.0,3.0,1.600000023841858,1.0,46.0,25.6,16.0
29600.0,362.69708037376404,1235.0,4.0,2.200000047683716,1.0,54.0,33.2,16.0
29650.0,363.45369052886963,1237.0,4.0,2.200000047683716,1.0,54.0,32.0,16.0
29700.0,364.2082200050354,1240.0,2.0,0.800000011920929,0.0,26.0,16.0,6.0
29750.0,364.9691286087036,1243.0,3.0,1.2000000476837158,0.0,38.0,18.4,6.0
29800.0,365.73026418685913,1244.0,3.0,1.600000023841858,0.0,40.0,23.2,6.0
29850.0,366.4925842285156,1247.0,4.0,1.600000023841858,0.0,50.0,23.6,6.0
29900.0,367.24894404411316,1248.0,4.0,2.0,0.0,50.0,28.0,6.0
29950.0,368.0124604701996,1249.0,4.0,2.200000047683716,0.0,50.0,30.0,6.0
30000.0,368.7754650115967,1251.0,4.0,2.0,0.0,50.0,27.6,6.0
30050.0,369.5389506816864,1252.0,4.0,2.200000047683716,1.0,50.0,36.4,16.0
30100.0,370.3035523891449,1253.0,4.0,1.600000023841858,0.0,50.0,37.8,16.0
30150.0,371.0594902038574,1253.0,4.0,1.600000023841858,0.0,50.0,37.8,16.0
30200.0,371.8190619945526,1254.0,2.0,1.2000000476837158,0.0,114.0,50.6,16.0
30250.0,372.5763726234436,1255.0,2.0,0.800000011920929,0.0,114.0,53.6,16.0
30300.0,373.3362066745758,1255.0,2.0,0.800000011920929,0.0,114.0,53.6,16.0
30350.0,374.09265780448914,1255.0,2.0,0.800000011920929,0.0,114.0,53.6,16.0
30400.0,374.85221815109253,1255.0,2.0,0.800000011920929,0.0,114.0,53.6,16.0
30450.0,375.6084623336792,1256.0,2.0,1.0,0.0,208.0,92.0,43.0
30500.0,376.3658447265625,1256.0,2.0,1.0,0.0,208.0,92.0,43.0
30550.0,377.1268119812012,1257.0,2.0,0.800000011920929,0.0,208.0,99.8,43.0
30600.0,377.8799593448639,1257.0,2.0,0.800000011920929,0.0,208.0,99.8,43.0
30650.0,378.63883447647095,1257.0,2.0,0.800000011920929,0.0,208.0,99.8,43.0
30700.0,379.4000859260559,1257.0,2.0,0.800000011920929,0.0,208.0,99.8,43.0
30750.0,380.16123056411743,1257.0,2.0,0.800000011920929,0.0,208.0,99.8,43.0
30800.0,380.9191346168518,1258.0,2.0,1.2000000476837158,0.0,238.0,138.4,43.0
30850.0,381.6787328720093,1258.0,2.0,1.2000000476837158,0.0,238.0,138.4,43.0
30900.0,382.4372327327728,1259.0,2.0,1.0,0.0,238.0,135.0,43.0
30950.0,383.1911315917969,1260.0,2.0,1.2000000476837158,0.0,238.0,140.2,69.0
31000.0,383.94385027885437,1261.0,2.0,0.800000011920929,0.0,238.0,110.8,61.0
31050.0,384.6895158290863,1262.0,2.0,0.800000011920929,0.0,238.0,100.0,35.0
31100.0,385.440687417984,1262.0,2.0,0.800000011920929,0.0,238.0,100.0,35.0
31150.0,386.18973422050476,1263.0,1.0,0.6000000238418579,0.0,116.0,75.6,35.0
31200.0,386.9351508617401,1263.0,1.0,0.6000000238418579,0.0,116.0,75.6,35.0
31250.0,387.6830892562866,1264.0,1.0,0.4000000059604645,0.0,116.0,76.0,35.0
31300.0,388.43346214294434,1264.0,1.0,0.4000000059604645,0.0,116.0,76.0,35.0
31350.0,389.17839217185974,1264.0,1.0,0.4000000059604645,0.0,116.0,76.0,35.0
31400.0,389.92023730278015,1265.0,1.0,0.4000000059604645,0.0,145.0,91.2,35.0
31450.0,390.6624023914337,1265.0,1.0,0.4000000059604645,0.0,145.0,91.2,35.0
31500.0,391.41089153289795,1265.0,1.0,0.4000000059604645,0.0,145.0,91.2,35.0
31550.0,392.1615262031555,1265.0,1.0,0.4000000059604645,0.0,145.0,91.2,35.0
31600.0,392.90638542175293,1265.0,1.0,0.4000000059604645,0.0,145.0,91.2,35.0
31650.0,393.65860533714294,1265.0,1.0,0.4000000059604645,0.0,145.0,91.2,35.0
31700.0,394.4024679660797,1265.0,1.0,0.4000000059604645,0.0,145.0,91.2,35.0
31750.0,395.15492963790894,1265.0,1.0,0.4000000059604645,0.0,145.0,91.2,35.0
31800.0,395.8964195251465,1265.0,1.0,0.4000000059604645,0.0,145.0,91.2,35.0
31850.0,396.6492350101471,1266.0,1.0,0.6000000238418579,0.0,455.0,170.0,35.0
31900.0,397.39905977249146,1266.0,1.0,0.6000000238418579,0.0,455.0,170.0,35.0
31950.0,398.1424858570099,1266.0,1.0,0.6000000238418579,0.0,455.0,170.0,35.0
32000.0,398.90782713890076,1266.0,1.0,0.6000000238418579,0.0,455.0,170.0,35.0
32050.0,399.66054368019104,1267.0,1.0,0.800000011920929,0.0,455.0,202.6,99.0
32100.0,400.4155411720276,1268.0,1.0,0.6000000238418579,0.0,455.0,187.0,38.0
32150.0,401.17248344421387,1268.0,1.0,0.6000000238418579,0.0,455.0,187.0,38.0
32200.0,401.93202686309814,1269.0,1.0,0.800000011920929,0.0,455.0,187.6,38.0
32250.0,402.6891407966614,1270.0,1.0,0.800000011920929,0.0,455.0,167.4,38.0
32300.0,403.4442648887634,1270.0,1.0,0.800000011920929,0.0,455.0,167.4,38.0
32350.0,404.2048156261444,1270.0,1.0,0.800000011920929,0.0,455.0,167.4,38.0
32400.0,404.96270847320557,1270.0,1.0,0.800000011920929,0.0,455.0,167.4,38.0
32450.0,405.7216784954071,1271.0,1.0,0.800000011920929,0.0,205.0,117.4,38.0
32500.0,406.4780240058899,1271.0,1.0,0.800000011920929,0.0,205.0,117.4,38.0
32550.0,407.23941254615784,1271.0,1.0,0.800000011920929,0.0,205.0,117.4,38.0
32600.0,407.9955449104309,1271.0,1.0,0.800000011920929,0.0,205.0,117.4,38.0
32650.0,408.75245332717896,1271.0,1.0,0.800000011920929,0.0,205.0,117.4,38.0
32700.0,409.5087842941284,1271.0,1.0,0.800000011920929,0.0,205.0,117.4,38.0
32750.0,410.27115964889526,1272.0,1.0,0.6000000238418579,0.0,315.0,140.8,38.0
32800.0,411.02478098869324,1272.0,1.0,0.6000000238418579,0.0,315.0,140.8,38.0
32850.0,411.7756631374359,1272.0,1.0,0.6000000238418579,0.0,315.0,140.8,38.0
32900.0,412.53469371795654,1272.0,1.0,0.6000000238418579,0.0,315.0,140.8,38.0
32950.0,413.2914574146271,1273.0,1.0,0.800000011920929,0.0,315.0,170.8,44.0
33000.0,414.05598044395447,1273.0,1.0,0.800000011920929,0.0,315.0,170.8,44.0
33050.0,414.81959414482117,1273.0,1.0,0.800000011920929,0.0,315.0,170.8,44.0
33100.0,415.5786700248718,1273.0,1.0,0.800000011920929,0.0,315.0,170.8,44.0
33150.0,416.3382840156555,1273.0,1.0,0.800000011920929,0.0,315.0,170.8,44.0
33200.0,417.0991096496582,1273.0,1.0,0.800000011920929,0.0,315.0,170.8,44.0
33250.0,417.85939359664917,1273.0,1.0,0.800000011920929,0.0,315.0,170.8,44.0
33300.0,418.60004210472107,1274.0,1.0,0.800000011920929,0.0,360.0,222.4,44.0
33350.0,419.3690140247345,1275.0,1.0,0.6000000238418579,0.0,360.0,222.8,46.0
33400.0,420.1242573261261,1276.0,1.0,0.4000000059604645,0.0,360.0,189.2,37.0
33450.0,420.87790989875793,1277.0,1.0,0.4000000059604645,0.0,360.0,140.4,37.0
33500.0,421.6361999511719,1277.0,1.0,0.4000000059604645,0.0,360.0,140.4,37.0
33550.0,422.3896131515503,1277.0,1.0,0.4000000059604645,0.0,360.0,140.4,37.0
33600.0,423.1512267589569,1277.0,1.0,0.4000000059604645,0.0,360.0,140.4,37.0
33650.0,423.9076008796692,1277.0,1.0,0.4000000059604645,0.0,360.0,140.4,37.0
33700.0,424.66174578666687,1277.0,1.0,0.4000000059604645,0.0,360.0,140.4,37.0
33750.0,425.42301511764526,1278.0,1.0,0.20000000298023224,0.0,360.0,159.4,37.0
33800.0,426.1822073459625,1278.0,1.0,0.20000000298023224,0.0,360.0,159.4,37.0
33850.0,426.9402539730072,1279.0,1.0,0.20000000298023224,0.0,283.0,109.0,37.0
33900.0,427.69762682914734,1279.0,1.0,0.20000000298023224,0.0,283.0,109.0,37.0
33950.0,428.4514591693878,1279.0,1.0,0.20000000298023224,0.0,283.0,109.0,37.0
34000.0,429.20561957359314,1280.0,2.0,0.6000000238418579,0.0,283.0,131.2,37.0
34050.0,429.9590129852295,1280.0,2.0,0.6000000238418579,0.0,283.0,131.2,37.0
34100.0,430.71595430374146,1280.0,2.0,0.6000000238418579,0.0,283.0,131.2,37.0
34150.0,431.4772846698761,1281.0,2.0,0.800000011920929,0.0,283.0,149.2,71.0
34200.0,432.2359504699707,1282.0,2.0,0.800000011920929,0.0,283.0,145.0,50.0
34250.0,432.99081778526306,1283.0,2.0,0.800000011920929,0.0,157.0,95.6,36.0
34300.0,433.74275064468384,1283.0,2.0,0.800000011920929,0.0,157.0,95.6,36.0
34350.0,434.4969301223755,1283.0,2.0,0.800000011920929,0.0,157.0,95.6,36.0
34400.0,435.2600336074829,1284.0,2.0,0.6000000238418579,0.0,175.0,109.0,36.0
34450.0,436.0158338546753,1285.0,1.0,0.20000000298023224,0.0,175.0,84.6,35.0
34500.0,436.7747402191162,1286.0,0.0,0.0,0.0,175.0,74.6,35.0
34550.0,437.5276918411255,1287.0,0.0,0.0,0.0,175.0,69.8,26.0
34600.0,438.284952878952,1287.0,0.0,0.0,0.0,175.0,69.8,26.0
34650.0,439.0436956882477,1287.0,0.0,0.0,0.0,175.0,69.8,26.0
34700.0,439.7969300746918,1288.0,1.0,0.20000000298023224,0.0,176.0,97.8,26.0
34750.0,440.55189514160156,1288.0,1.0,0.20000000298023224,0.0,176.0,97.8,26.0
34800.0,441.3038840293884,1289.0,1.0,0.20000000298023224,0.0,176.0,79.2,26.0
34850.0,442.0651857852936,1290.0,1.0,0.20000000298023224,0.0,176.0,81.0,26.0
34900.0,442.8223488330841,1291.0,1.0,0.20000000298023224,0.0,176.0,75.4,26.0
34950.0,443.58443808555603,1292.0,1.0,0.20000000298023224,0.0,176.0,83.4,44.0
35000.0,444.3391077518463,1292.0,1.0,0.20000000298023224,0.0,176.0,83.4,44.0
35050.0,445.0963571071625,1292.0,1.0,0.20000000298023224,0.0,176.0,83.4,44.0
35100.0,445.855521440506,1293.0,0.0,0.0,0.0,138.0,75.8,44.0
35150.0,446.61535596847534,1293.0,0.0,0.0,0.0,138.0,75.8,44.0
35200.0,447.3775563240051,1293.0,0.0,0.0,0.0,138.0,75.8,44.0
35250.0,448.13620805740356,1293.0,0.0,0.0,0.0,138.0,75.8,44.0
35300.0,448.89261841773987,1294.0,1.0,0.20000000298023224,0.0,202.0,99.8,44.0
35350.0,449.6503722667694,1294.0,1.0,0.20000000298023224,0.0,202.0,99.8,44.0
35400.0,450.4036989212036,1294.0,1.0,0.20000000298023224,0.0,202.0,99.8,44.0
35450.0,451.1590473651886,1295.0,1.0,0.20000000298023224,0.0,202.0,124.4,49.0
35500.0,451.91217017173767,1296.0,1.0,0.4000000059604645,0.0,202.0,122.4,39.0
35550.0,452.67143750190735,1297.0,1.0,0.4000000059604645,0.0,202.0,116.4,36.0
35600.0,453.4317305088043,1298.0,1.0,0.6000000238418579,0.0,202.0,101.0,36.0
35650.0,454.1876792907715,1298.0,1.0,0.6000000238418579,0.0,202.0,101.0,36.0
35700.0,454.9480757713318,1299.0,1.0,0.4000000059604645,0.0,167.0,78.0,36.0
35750.0,455.7124376296997,1299.0,1.0,0.4000000059604645,0.0,167.0,78.0,36.0
35800.0,456.46939754486084,1299.0,1.0,0.4000000059604645,0.0,167.0,78.0,36.0
35850.0,457.2281792163849,1300.0,1.0,0.6000000238418579,0.0,161.0,76.8,36.0
35900.0,457.98749327659607,1300.0,1.0,0.6000000238418579,0.0,161.0,76.8,36.0
35950.0,458.73836755752563,1300.0,1.0,0.6000000238418579,0.0,161.0,76.8,36.0
36000.0,459.3172883987427,1300.0,1.0,0.6000000238418579,0.0,161.0,76.8,36.0
36050.0,459.88486886024475,1300.0,1.0,0.6000000238418579,0.0,161.0,76.8,36.0
36100.0,460.451922416687,1301.0,1.0,0.6000000238418579,0.0,232.0,115.4,36.0
36150.0,461.02764439582825,1302.0,1.0,0.6000000238418579,0.0,232.0,120.8,61.0
36200.0,461.6058943271637,1302.0,1.0,0.6000000238418579,0.0,232.0,120.8,61.0
36250.0,462.1826982498169,1304.0,1.0,0.4000000059604645,0.0,232.0,113.2,26.0
36300.0,462.75976634025574,1304.0,1.0,0.4000000059604645,0.0,232.0,113.2,26.0
36350.0,463.3372187614441,1305.0,1.0,0.4000000059604645,0.0,232.0,102.4,26.0
36400.0,463.94835209846497,1305.0,1.0,0.4000000059604645,0.0,232.0,102.4,26.0
36450.0,464.5239133834839,1306.0,1.0,0.20000000298023224,0.0,107.0,74.0,26.0
36500.0,465.10171937942505,1308.0,1.0,0.20000000298023224,0.0,107.0,57.0,26.0
36550.0,465.68142199516296,1308.0,1.0,0.20000000298023224,0.0,107.0,57.0,26.0
36600.0,466.26143431663513,1308.0,1.0,0.20000000298023224,0.0,107.0,57.0,26.0
36650.0,466.83936643600464,1308.0,1.0,0.20000000298023224,0.0,107.0,57.0,26.0
36700.0,467.4213054180145,1308.0,1.0,0.20000000298023224,0.0,107.0,57.0,26.0
36750.0,468.0046670436859,1308.0,1.0,0.20000000298023224,0.0,107.0,57.0,26.0
36800.0,468.5819480419159,1309.0,1.0,0.20000000298023224,0.0,288.0,109.4,30.0
36850.0,469.160053730011,1309.0,1.0,0.20000000298023224,0.0,288.0,109.4,30.0
36900.0,469.73856711387634,1309.0,1.0,0.20000000298023224,0.0,288.0,109.4,30.0
36950.0,470.31602907180786,1309.0,1.0,0.20000000298023224,0.0,288.0,109.4,30.0
37000.0,470.8941934108734,1309.0,1.0,0.20000000298023224,0.0,288.0,109.4,30.0
37050.0,471.47274136543274,1309.0,1.0,0.20000000298023224,0.0,288.0,109.4,30.0
37100.0,472.04944825172424,1309.0,1.0,0.20000000298023224,0.0,288.0,109.4,30.0
37150.0,472.6264669895172,1309.0,1.0,0.20000000298023224,0.0,288.0,109.4,30.0
37200.0,473.2047576904297,1309.0,1.0,0.20000000298023224,0.0,288.0,109.4,30.0
37250.0,473.78189849853516,1309.0,1.0,0.20000000298023224,0.0,288.0,109.4,30.0
37300.0,474.35956263542175,1310.0,2.0,0.4000000059604645,0.0,507.0,189.4,30.0
37350.0,474.9397382736206,1310.0,2.0,0.4000000059604645,0.0,507.0,189.4,30.0
37400.0,475.51742672920227,1310.0,2.0,0.4000000059604645,0.0,507.0,189.4,30.0
37450.0,476.09474444389343,1310.0,2.0,0.4000000059604645,0.0,507.0,189.4,30.0
37500.0,476.67331314086914,1310.0,2.0,0.4000000059604645,0.0,507.0,189.4,30.0
37550.0,477.25599122047424,1310.0,2.0,0.4000000059604645,0.0,507.0,189.4,30.0
37600.0,477.8379080295563,1311.0,2.0,0.800000011920929,0.0,507.0,226.6,30.0
37650.0,478.4285774230957,1311.0,2.0,0.800000011920929,0.0,507.0,226.6,30.0
37700.0,479.0116345882416,1312.0,3.0,1.399999976158142,0.0,507.0,240.2,30.0
37750.0,479.59619975090027,1312.0,3.0,1.399999976158142,0.0,507.0,240.2,30.0
37800.0,480.17851662635803,1313.0,7.0,2.799999952316284,0.0,507.0,256.4,100.0
37850.0,480.75984501838684,1314.0,7.0,3.799999952316284,2.0,507.0,206.8,40.0
37900.0,481.3414602279663,1315.0,7.0,4.599999904632568,2.0,276.0,117.2,40.0
37950.0,481.9231266975403,1315.0,7.0,4.599999904632568,2.0,276.0,117.2,40.0
38000.0,482.50436305999756,1315.0,7.0,4.599999904632568,2.0,276.0,117.2,40.0
38050.0,483.0869381427765,1315.0,7.0,4.599999904632568,2.0,276.0,117.2,40.0
38100.0,483.6695704460144,1315.0,7.0,4.599999904632568,2.0,276.0,117.2,40.0
38150.0,484.2513585090637,1316.0,14.0,7.0,3.0,240.0,110.0,40.0
38200.0,484.83586740493774,1316.0,14.0,7.0,3.0,240.0,110.0,40.0
38250.0,485.4189007282257,1316.0,14.0,7.0,3.0,240.0,110.0,40.0
38300.0,486.000878572464,1316.0,14.0,7.0,3.0,240.0,110.0,40.0
38350.0,486.5827224254608,1317.0,24.0,11.199999809265137,5.0,240.0,132.4,40.0
38400.0,487.1653790473938,1318.0,24.0,10.800000190734863,5.0,240.0,123.6,40.0
38450.0,487.74682664871216,1320.0,24.0,9.399999618530273,2.0,240.0,113.6,18.0
38500.0,488.336549282074,1320.0,24.0,9.399999618530273,2.0,240.0,113.6,18.0
38550.0,488.91760206222534,1320.0,24.0,9.399999618530273,2.0,240.0,113.6,18.0
38600.0,489.50012040138245,1321.0,24.0,9.399999618530273,2.0,212.0,90.0,18.0
38650.0,490.0829906463623,1322.0,14.0,7.0,2.0,122.0,63.4,18.0
38700.0,490.66435980796814,1323.0,14.0,6.599999904632568,2.0,122.0,54.2,18.0
38750.0,491.2471113204956,1324.0,14.0,8.800000190734863,2.0,122.0,64.4,18.0
38800.0,491.8321702480316,1325.0,14.0,9.600000381469727,3.0,122.0,68.6,21.0
38850.0,492.41478180885315,1326.0,13.0,8.199999809265137,3.0,82.0,54.4,21.0
38900.0,492.99621629714966,1327.0,13.0,6.400000095367432,3.0,82.0,46.2,21.0
38950.0,493.5789749622345,1329.0,7.0,5.199999809265137,3.0,51.0,37.0,17.0
39000.0,494.16007566452026,1330.0,7.0,5.199999809265137,3.0,53.0,39.8,17.0
39050.0,494.74171590805054,1330.0,7.0,5.199999809265137,3.0,53.0,39.8,17.0
39100.0,495.32479763031006,1331.0,13.0,6.400000095367432,3.0,110.0,51.6,17.0
39150.0,495.9068913459778,1331.0,13.0,6.400000095367432,3.0,110.0,51.6,17.0
39200.0,496.5008828639984,1332.0,16.0,9.0,3.0,110.0,62.0,17.0
39250.0,497.09417057037354,1333.0,16.0,8.199999809265137,3.0,110.0,60.0,17.0
39300.0,497.69023633003235,1335.0,16.0,8.399999618530273,2.0,110.0,59.6,18.0
39350.0,498.29142212867737,1336.0,16.0,6.599999904632568,2.0,90.0,44.2,18.0
39400.0,498.8874156475067,1337.0,9.0,5.199999809265137,2.0,60.0,38.2,18.0
39450.0,499.4830641746521,1338.0,9.0,6.0,2.0,60.0,42.0,18.0
39500.0,500.0786302089691,1340.0,9.0,5.400000095367432,2.0,60.0,40.0,18.0
39550.0,500.67299127578735,1341.0,9.0,6.400000095367432,2.0,62.0,45.8,18.0
39600.0,501.2678563594818,1342.0,9.0,5.599999904632568,2.0,62.0,43.6,18.0
39650.0,501.8642899990082,1344.0,9.0,4.199999809265137,2.0,62.0,35.4,17.0
39700.0,502.460471868515,1345.0,9.0,4.800000190734863,2.0,62.0,42.2,17.0
39750.0,503.05526638031006,1347.0,5.0,3.0,2.0,52.0,29.8,17.0
39800.0,503.65836119651794,1348.0,7.0,3.799999952316284,2.0,52.0,33.8,17.0
39850.0,504.2591805458069,1349.0,7.0,4.199999809265137,2.0,52.0,36.6,17.0
39900.0,504.85680627822876,1350.0,9.0,5.0,2.0,60.0,38.2,17.0
39950.0,505.4529285430908,1352.0,9.0,5.599999904632568,3.0,60.0,37.8,17.0
40000.0,506.0469868183136,1354.0,9.0,4.599999904632568,2.0,60.0,31.4,17.0
40050.0,506.64450001716614,1355.0,5.0,3.5999999046325684,2.0,33.0,26.0,17.0
40100.0,507.24142599105835,1356.0,9.0,4.400000095367432,2.0,61.0,32.2,17.0
40150.0,507.83643317222595,1357.0,9.0,5.199999809265137,2.0,61.0,38.6,17.0
40200.0,508.4401116371155,1357.0,9.0,5.199999809265137,2.0,61.0,38.6,17.0
40250.0,509.03484439849854,1358.0,16.0,7.599999904632568,2.0,120.0,56.0,17.0
40300.0,509.6316509246826,1359.0,16.0,8.199999809265137,4.0,120.0,60.8,33.0
40350.0,510.22780299186707,1361.0,16.0,7.0,3.0,120.0,51.6,18.0
40400.0,510.82405829429626,1363.0,5.0,4.0,3.0,41.0,27.8,18.0
40450.0,511.4213635921478,1364.0,5.0,4.0,3.0,32.0,25.8,18.0
40500.0,512.0147948265076,1364.0,5.0,4.0,3.0,32.0,25.8,18.0
40550.0,512.6105287075043,1365.0,14.0,6.0,3.0,122.0,44.2,18.0
40600.0,513.2040576934814,1365.0,14.0,6.0,3.0,122.0,44.2,18.0
40650.0,513.8019292354584,1366.0,14.0,7.800000190734863,3.0,122.0,58.2,18.0
40700.0,514.3991107940674,1368.0,14.0,8.399999618530273,3.0,122.0,61.8,18.0
40750.0,514.9965622425079,1369.0,14.0,8.399999618530273,3.0,122.0,64.2,18.0
40800.0,515.59810090065,1369.0,14.0,8.399999618530273,3.0,122.0,64.2,18.0
40850.0,516.1899933815002,1371.0,11.0,6.0,3.0,79.0,41.6,18.0
40900.0,516.7761445045471,1371.0,11.0,6.0,3.0,79.0,41.6,18.0
40950.0,517.3703479766846,1372.0,11.0,5.800000190734863,3.0,82.0,48.0,18.0
41000.0,517.9666118621826,1372.0,11.0,5.800000190734863,3.0,82.0,48.0,18.0
41050.0,518.573807477951,1372.0,11.0,5.800000190734863,3.0,82.0,48.0,18.0
41100.0,519.1684684753418,1374.0,23.0,9.199999809265137,2.0,151.0,69.6,18.0
41150.0,519.766027212143,1374.0,23.0,9.199999809265137,2.0,151.0,69.6,18.0
41200.0,520.3613150119781,1375.0,23.0,9.199999809265137,2.0,151.0,70.0,18.0
41250.0,520.9552180767059,1376.0,23.0,10.0,2.0,151.0,76.6,18.0
41300.0,521.5534982681274,1377.0,23.0,9.800000190734863,2.0,151.0,70.0,18.0
41350.0,522.1419579982758,1378.0,11.0,7.199999809265137,2.0,81.0,53.8,18.0
41400.0,522.7260258197784,1378.0,11.0,7.199999809265137,2.0,81.0,53.8,18.0
41450.0,523.3235113620758,1379.0,11.0,9.0,6.0,81.0,66.2,49.0
41500.0,523.9245584011078,1380.0,11.0,8.800000190734863,6.0,80.0,64.0,49.0
41550.0,524.5189452171326,1382.0,11.0,7.199999809265137,2.0,80.0,53.8,18.0
41600.0,525.1172318458557,1383.0,11.0,6.400000095367432,2.0,80.0,50.4,18.0
41650.0,525.6995007991791,1384.0,10.0,5.400000095367432,2.0,70.0,45.8,18.0
41700.0,526.2820718288422,1385.0,6.0,4.199999809265137,2.0,57.0,40.0,18.0
41750.0,526.8698613643646,1385.0,6.0,4.199999809265137,2.0,57.0,40.0,18.0
41800.0,527.456714630127,1387.0,9.0,5.400000095367432,2.0,80.0,49.6,17.0
41850.0,528.0457918643951,1388.0,9.0,5.0,2.0,80.0,49.6,17.0
41900.0,528.6236321926117,1389.0,9.0,4.599999904632568,2.0,80.0,44.2,17.0
41950.0,529.2106177806854,1390.0,9.0,5.599999904632568,2.0,80.0,50.6,17.0
42000.0,529.7951962947845,1390.0,9.0,5.599999904632568,2.0,80.0,50.6,17.0
42050.0,530.3737678527832,1390.0,9.0,5.599999904632568,2.0,80.0,50.6,17.0
42100.0,530.9503800868988,1391.0,16.0,7.0,2.0,137.0,62.0,17.0
42150.0,531.5328378677368,1392.0,16.0,8.0,4.0,137.0,68.6,30.0
42200.0,532.118421792984,1392.0,16.0,8.0,4.0,137.0,68.6,30.0
42250.0,532.7049570083618,1392.0,16.0,8.0,4.0,137.0,68.6,30.0
42300.0,533.2906074523926,1393.0,19.0,11.0,4.0,169.0,91.8,30.0
42350.0,533.8789229393005,1394.0,19.0,10.800000190734863,3.0,169.0,90.2,22.0
42400.0,534.4656453132629,1394.0,19.0,10.800000190734863,3.0,169.0,90.2,22.0
42450.0,535.0512568950653,1395.0,19.0,11.199999809265137,3.0,169.0,99.4,22.0
42500.0,535.6230523586273,1397.0,19.0,7.199999809265137,1.0,169.0,71.4,17.0
42550.0,536.1856093406677,1398.0,11.0,4.800000190734863,1.0,119.0,48.6,17.0
42600.0,536.7593100070953,1400.0,7.0,3.0,1.0,55.0,31.8,17.0
42650.0,537.3199367523193,1401.0,7.0,3.4000000953674316,1.0,55.0,35.8,17.0
42700.0,537.8605072498322,1401.0,7.0,3.4000000953674316,1.0,55.0,35.8,17.0
42750.0,538.4203481674194,1401.0,7.0,3.4000000953674316,1.0,55.0,35.8,17.0
42800.0,538.9924554824829,1401.0,7.0,3.4000000953674316,1.0,55.0,35.8,17.0
42850.0,539.5692360401154,1402.0,19.0,7.0,2.0,202.0,72.8,28.0
42900.0,540.1551864147186,1402.0,19.0,7.0,2.0,202.0,72.8,28.0
42950.0,540.7371342182159,1403.0,19.0,7.800000190734863,2.0,202.0,77.6,28.0
43000.0,541.3100504875183,1403.0,19.0,7.800000190734863,2.0,202.0,77.6,28.0
43050.0,541.8754515647888,1404.0,19.0,10.0,3.0,202.0,89.8,28.0
43100.0,542.441198348999,1405.0,19.0,10.800000190734863,4.0,202.0,98.4,50.0
43150.0,543.0169987678528,1405.0,19.0,10.800000190734863,4.0,202.0,98.4,50.0
43200.0,543.5932717323303,1406.0,19.0,11.600000381469727,7.0,202.0,104.2,71.0
43250.0,544.1721367835999,1407.0,13.0,9.399999618530273,7.0,90.0,73.8,50.0
43300.0,544.7409873008728,1407.0,13.0,9.399999618530273,7.0,90.0,73.8,50.0
43350.0,545.298990726471,1409.0,13.0,7.400000095367432,1.0,111.0,65.6,17.0
43400.0,545.8650891780853,1410.0,13.0,7.0,1.0,111.0,62.0,17.0
43450.0,546.4553980827332,1411.0,13.0,6.800000190734863,1.0,111.0,54.0,17.0
43500.0,547.0537445545197,1411.0,13.0,6.800000190734863,1.0,111.0,54.0,17.0
43550.0,547.6481816768646,1413.0,13.0,5.800000190734863,1.0,91.0,43.4,17.0
43600.0,548.2405877113342,1415.0,13.0,6.199999809265137,3.0,91.0,39.8,17.0
43650.0,548.8250737190247,1416.0,13.0,5.400000095367432,3.0,91.0,36.0,17.0
43700.0,549.4085083007812,1417.0,8.0,4.400000095367432,3.0,51.0,28.0,17.0
43750.0,550.0112888813019,1418.0,11.0,6.0,3.0,71.0,38.8,18.0
43800.0,550.6050672531128,1419.0,11.0,6.0,3.0,71.0,39.6,18.0
43850.0,551.1929483413696,1420.0,11.0,7.599999904632568,3.0,71.0,48.2,20.0
43900.0,551.7834362983704,1421.0,11.0,8.0,5.0,71.0,50.2,30.0
43950.0,552.378378868103,1422.0,11.0,7.800000190734863,5.0,71.0,49.8,30.0
44000.0,552.956903219223,1423.0,11.0,7.199999809265137,5.0,61.0,47.6,30.0
44050.0,553.5067121982574,1423.0,11.0,7.199999809265137,5.0,61.0,47.6,30.0
44100.0,554.0820600986481,1424.0,19.0,10.0,5.0,119.0,63.8,30.0
44150.0,554.671454668045,1424.0,19.0,10.0,5.0,119.0,63.8,30.0
44200.0,555.2348461151123,1426.0,19.0,9.199999809265137,2.0,119.0,63.4,18.0
44250.0,555.8046281337738,1427.0,19.0,9.199999809265137,2.0,119.0,64.6,18.0
44300.0,556.3793489933014,1428.0,19.0,8.600000381469727,2.0,119.0,60.2,18.0
44350.0,556.9572505950928,1428.0,19.0,8.600000381469727,2.0,119.0,60.2,18.0
44400.0,557.5402553081512,1428.0,19.0,8.600000381469727,2.0,119.0,60.2,18.0
44450.0,558.1229529380798,1429.0,20.0,8.800000190734863,2.0,159.0,68.2,18.0
44500.0,558.7173008918762,1429.0,20.0,8.800000190734863,2.0,159.0,68.2,18.0
44550.0,559.2892165184021,1429.0,20.0,8.800000190734863,2.0,159.0,68.2,18.0
44600.0,559.8587789535522,1430.0,20.0,9.399999618530273,2.0,159.0,82.0,18.0
44650.0,560.4304873943329,1430.0,20.0,9.399999618530273,2.0,159.0,82.0,18.0
44700.0,560.9816744327545,1431.0,20.0,12.0,5.0,159.0,98.4,38.0
44750.0,561.5543034076691,1432.0,20.0,12.399999618530273,5.0,159.0,101.4,38.0
44800.0,562.1328208446503,1432.0,20.0,12.399999618530273,5.0,159.0,101.4,38.0
44850.0,562.7100994586945,1433.0,20.0,13.800000190734863,9.0,159.0,109.8,70.0
44900.0,563.2922718524933,1433.0,20.0,13.800000190734863,9.0,159.0,109.8,70.0
44950.0,563.8831160068512,1434.0,16.0,13.0,9.0,140.0,100.4,70.0
45000.0,564.4735152721405,1435.0,16.0,11.600000381469727,6.0,112.0,82.0,48.0
45050.0,565.0585510730743,1441.0,1.0,0.20000000298023224,0.0,16.0,8.0,6.0
45100.0,565.6392552852631,1444.0,1.0,0.6000000238418579,0.0,20.0,12.8,6.0
45150.0,566.2253131866455,1450.0,1.0,0.20000000298023224,0.0,16.0,8.0,6.0
45200.0,566.8018443584442,1455.0,1.0,0.20000000298023224,0.0,16.0,8.8,6.0
45250.0,567.377284526825,1459.0,1.0,0.20000000298023224,0.0,16.0,10.0,6.0
45300.0,567.9536259174347,1464.0,2.0,0.6000000238418579,0.0,32.0,13.2,6.0
45350.0,568.5108382701874,1466.0,2.0,0.6000000238418579,0.0,26.0,12.0,6.0
45400.0,569.0678007602692,1470.0,2.0,1.0,0.0,34.0,17.6,6.0
45450.0,569.6509234905243,1471.0,2.0,0.800000011920929,0.0,34.0,16.8,6.0
45500.0,570.2335939407349,1476.0,3.0,1.0,0.0,40.0,16.8,6.0
45550.0,570.8073902130127,1479.0,2.0,0.800000011920929,0.0,26.0,14.0,6.0
45600.0,571.3867650032043,1484.0,1.0,0.6000000238418579,0.0,18.0,12.4,6.0
45650.0,571.9649591445923,1487.0,1.0,0.4000000059604645,0.0,16.0,10.0,6.0
45700.0,572.5420920848846,1490.0,3.0,1.0,0.0,38.0,16.4,6.0
45750.0,573.1229178905487,1493.0,1.0,0.800000011920929,0.0,18.0,14.4,6.0
45800.0,573.7046246528625,1496.0,2.0,1.2000000476837158,0.0,28.0,18.4,6.0
45850.0,574.282080411911,1499.0,2.0,0.800000011920929,0.0,28.0,14.8,6.0
45900.0,574.857223033905,1502.0,2.0,0.800000011920929,0.0,28.0,16.4,6.0
45950.0,575.4336471557617,1505.0,2.0,1.0,0.0,28.0,16.4,6.0
46000.0,576.0117990970612,1508.0,2.0,1.0,0.0,28.0,16.4,6.0
46050.0,576.5914525985718,1511.0,1.0,0.800000011920929,0.0,18.0,14.4,6.0
46100.0,577.1880960464478,1514.0,2.0,1.0,0.0,28.0,16.4,6.0
46150.0,577.8297457695007,1516.0,2.0,1.2000000476837158,0.0,30.0,19.2,6.0
46200.0,578.4354600906372,1519.0,2.0,1.0,0.0,30.0,18.0,6.0
46250.0,579.0123555660248,1521.0,2.0,1.0,0.0,28.0,17.6,6.0
46300.0,579.5856256484985,1524.0,2.0,1.0,0.0,28.0,18.0,6.0
46350.0,580.1756851673126,1527.0,4.0,1.0,0.0,48.0,16.4,6.0
46400.0,580.7612414360046,1530.0,3.0,0.800000011920929,0.0,38.0,14.4,6.0
46450.0,581.343425989151,1531.0,3.0,1.0,0.0,38.0,16.8,6.0
46500.0,581.9264624118805,1533.0,4.0,1.399999976158142,0.0,50.0,21.2,6.0
46550.0,582.5125389099121,1534.0,4.0,2.0,1.0,50.0,29.2,16.0
46600.0,583.1005082130432,1537.0,3.0,1.7999999523162842,0.0,46.0,26.8,6.0
46650.0,583.6895353794098,1539.0,3.0,1.600000023841858,0.0,38.0,23.2,6.0
46700.0,584.2799558639526,1541.0,2.0,1.600000023841858,1.0,32.0,24.0,16.0
46750.0,584.8692896366119,1543.0,3.0,1.600000023841858,0.0,46.0,25.6,6.0
46800.0,585.4678070545197,1545.0,3.0,1.2000000476837158,0.0,46.0,21.6,6.0
46850.0,586.0622854232788,1547.0,2.0,0.800000011920929,0.0,28.0,16.8,6.0
46900.0,586.6592123508453,1550.0,2.0,1.399999976158142,1.0,34.0,23.2,16.0
46950.0,587.2544147968292,1552.0,2.0,1.399999976158142,0.0,34.0,22.4,6.0
47000.0,587.829514503479,1554.0,2.0,1.600000023841858,0.0,32.0,24.0,6.0
47050.0,588.3832337856293,1557.0,2.0,1.399999976158142,1.0,32.0,22.8,16.0
47100.0,588.9668493270874,1559.0,2.0,1.2000000476837158,1.0,30.0,20.4,16.0
47150.0,589.5576975345612,1562.0,2.0,1.0,0.0,30.0,18.0,6.0
47200.0,590.1318640708923,1565.0,2.0,1.0,0.0,28.0,16.4,6.0
47250.0,590.7284245491028,1567.0,2.0,1.399999976158142,1.0,28.0,21.2,16.0
47300.0,591.3232123851776,1569.0,2.0,1.399999976158142,1.0,28.0,22.4,16.0
47350.0,591.9246878623962,1570.0,2.0,1.600000023841858,1.0,34.0,26.0,18.0
47400.0,592.5283961296082,1573.0,3.0,1.7999999523162842,1.0,38.0,26.4,16.0
47450.0,593.1308896541595,1575.0,3.0,1.2000000476837158,0.0,38.0,18.8,6.0
47500.0,593.7346088886261,1575.0,3.0,1.2000000476837158,0.0,38.0,18.8,6.0
47550.0,594.3398320674896,1576.0,8.0,2.200000047683716,0.0,104.0,32.0,6.0
47600.0,594.9381630420685,1577.0,8.0,2.799999952316284,0.0,104.0,39.2,6.0
47650.0,595.5179600715637,1579.0,8.0,3.4000000953674316,0.0,104.0,45.6,6.0
47700.0,596.0900905132294,1580.0,8.0,3.5999999046325684,1.0,104.0,48.8,22.0
47750.0,596.6700119972229,1582.0,5.0,2.4000000953674316,1.0,62.0,33.2,16.0
47800.0,597.2565381526947,1583.0,5.0,2.200000047683716,1.0,62.0,32.4,16.0
47850.0,597.8576505184174,1584.0,5.0,2.799999952316284,1.0,62.0,38.8,16.0
47900.0,598.4340286254883,1585.0,5.0,3.200000047683716,1.0,62.0,42.0,16.0
47950.0,599.0349681377411,1586.0,5.0,3.200000047683716,1.0,62.0,42.0,16.0
48000.0,599.6346189975739,1587.0,5.0,3.799999952316284,2.0,62.0,48.8,34.0
48050.0,600.2424962520599,1589.0,5.0,3.200000047683716,2.0,62.0,40.8,26.0
48100.0,600.8471109867096,1590.0,5.0,3.4000000953674316,2.0,62.0,44.4,26.0
48150.0,601.4434015750885,1591.0,4.0,3.0,2.0,56.0,40.0,26.0
48200.0,602.0261731147766,1593.0,4.0,2.5999999046325684,1.0,56.0,35.6,16.0
48250.0,602.597906589508,1594.0,4.0,2.799999952316284,1.0,56.0,39.2,16.0
48300.0,603.1769797801971,1596.0,3.0,2.200000047683716,1.0,44.0,31.2,16.0
48350.0,603.7568020820618,1597.0,3.0,1.7999999523162842,1.0,44.0,27.6,16.0
48400.0,604.3359456062317,1599.0,4.0,2.0,1.0,50.0,28.8,16.0
48450.0,604.9153072834015,1601.0,4.0,2.0,1.0,50.0,29.6,16.0
48500.0,605.4930362701416,1602.0,4.0,2.5999999046325684,1.0,56.0,36.4,16.0
48550.0,606.0663168430328,1603.0,4.0,2.5999999046325684,1.0,56.0,36.4,16.0
48600.0,606.6370711326599,1604.0,4.0,2.799999952316284,2.0,56.0,39.2,26.0
48650.0,607.2110030651093,1605.0,4.0,3.0,2.0,56.0,40.0,26.0
48700.0,607.7881019115448,1607.0,4.0,3.0,2.0,50.0,39.2,28.0
48750.0,608.366382598877,1608.0,4.0,3.0,2.0,54.0,40.0,28.0
48800.0,608.9439167976379,1610.0,4.0,2.5999999046325684,1.0,54.0,35.6,16.0
48850.0,609.5222091674805,1611.0,4.0,2.200000047683716,1.0,54.0,32.4,16.0
48900.0,610.1106445789337,1614.0,3.0,1.600000023841858,1.0,38.0,24.0,16.0
48950.0,610.7075996398926,1616.0,3.0,1.399999976158142,0.0,38.0,21.2,6.0
49000.0,611.3062086105347,1618.0,2.0,1.399999976158142,0.0,32.0,22.4,6.0
49050.0,611.9103765487671,1619.0,2.0,1.600000023841858,0.0,34.0,26.0,6.0
49100.0,612.518501996994,1620.0,4.0,2.0,0.0,50.0,30.0,6.0
49150.0,613.1194500923157,1622.0,4.0,2.4000000953674316,1.0,50.0,33.2,16.0
49200.0,613.718777179718,1623.0,4.0,2.799999952316284,1.0,56.0,38.8,16.0
49250.0,614.3168478012085,1625.0,4.0,2.200000047683716,1.0,56.0,30.8,16.0
49300.0,614.9187786579132,1626.0,4.0,2.0,1.0,56.0,30.0,16.0
49350.0,615.5055351257324,1628.0,4.0,2.0,1.0,50.0,28.8,16.0
49400.0,616.1003143787384,1629.0,4.0,2.4000000953674316,1.0,56.0,34.4,16.0
49450.0,616.6999855041504,1631.0,4.0,2.5999999046325684,1.0,56.0,35.2,16.0
49500.0,617.2983558177948,1633.0,4.0,2.200000047683716,0.0,56.0,32.4,14.0
49550.0,617.9017820358276,1634.0,4.0,2.200000047683716,0.0,56.0,32.4,14.0
49600.0,618.4968671798706,1636.0,4.0,2.0,0.0,56.0,30.0,14.0
49650.0,619.0946488380432,1638.0,4.0,1.7999999523162842,0.0,56.0,28.0,14.0
49700.0,619.6915793418884,1639.0,3.0,1.600000023841858,0.0,42.0,25.2,14.0
49750.0,620.2854766845703,1640.0,3.0,2.0,0.0,42.0,30.0,14.0
49800.0,620.8850891590118,1641.0,6.0,2.799999952316284,0.0,72.0,39.2,14.0
49850.0,621.4826607704163,1644.0,6.0,2.5999999046325684,1.0,72.0,34.4,16.0
49900.0,622.0824618339539,1646.0,2.0,1.399999976158142,1.0,28.0,21.2,16.0
49950.0,622.6779119968414,1646.0,2.0,1.399999976158142,1.0,28.0,21.2,16.0
50000.0,623.2738673686981,1647.0,5.0,2.0,1.0,72.0,30.0,16.0
50050.0,623.8750877380371,1648.0,6.0,3.0,1.0,72.0,41.2,16.0
50100.0,624.4832406044006,1651.0,6.0,2.799999952316284,0.0,72.0,38.8,6.0
50150.0,625.0899577140808,1654.0,1.0,0.800000011920929,0.0,18.0,14.4,6.0
50200.0,625.6861505508423,1657.0,1.0,1.0,1.0,18.0,16.4,16.0
50250.0,626.2822499275208,1658.0,2.0,1.2000000476837158,1.0,28.0,18.8,16.0
50300.0,626.8803102970123,1659.0,7.0,2.4000000953674316,1.0,82.0,32.0,16.0
50350.0,627.4808309078217,1661.0,7.0,2.4000000953674316,0.0,82.0,32.0,6.0
50400.0,628.0729713439941,1663.0,7.0,2.5999999046325684,0.0,82.0,35.6,6.0
50450.0,628.6512525081635,1665.0,3.0,1.399999976158142,0.0,46.0,23.6,6.0
50500.0,629.2294533252716,1666.0,3.0,1.7999999523162842,0.0,46.0,29.2,6.0
50550.0,629.8073477745056,1667.0,5.0,2.200000047683716,0.0,60.0,32.0,6.0
50600.0,630.384649515152,1668.0,5.0,2.4000000953674316,0.0,60.0,34.4,6.0
50650.0,630.959478855133,1669.0,5.0,2.799999952316284,0.0,60.0,37.6,6.0
50700.0,631.5404961109161,1673.0,5.0,1.7999999523162842,0.0,60.0,25.6,6.0
50750.0,632.1170597076416,1676.0,1.0,1.0,1.0,22.0,17.2,16.0
50800.0,632.6961948871613,1677.0,3.0,1.399999976158142,1.0,40.0,22.0,16.0
50850.0,633.2772245407104,1682.0,1.0,0.6000000238418579,0.0,18.0,12.4,6.0
50900.0,633.8553955554962,1685.0,1.0,0.6000000238418579,0.0,16.0,12.0,6.0
50950.0,634.4339842796326,1688.0,2.0,1.0,0.0,26.0,16.4,6.0
51000.0,635.0132174491882,1690.0,2.0,1.399999976158142,1.0,30.0,21.2,16.0
51050.0,635.5874738693237,1693.0,2.0,1.2000000476837158,1.0,30.0,20.0,16.0
51100.0,636.1607258319855,1695.0,1.0,1.0,1.0,22.0,17.6,16.0
51150.0,636.734804391861,1699.0,2.0,0.800000011920929,0.0,28.0,16.0,6.0
51200.0,637.3321614265442,1702.0,2.0,0.800000011920929,0.0,28.0,15.2,6.0
51250.0,637.9143753051758,1705.0,2.0,1.0,0.0,28.0,16.8,6.0
51300.0,638.4936442375183,1708.0,2.0,0.800000011920929,0.0,28.0,14.4,6.0
51350.0,639.0757193565369,1711.0,1.0,0.800000011920929,0.0,18.0,14.4,6.0
51400.0,639.6557335853577,1712.0,4.0,1.600000023841858,1.0,50.0,23.2,16.0
51450.0,640.234658241272,1714.0,4.0,2.0,1.0,50.0,27.6,16.0
51500.0,640.8132908344269,1715.0,4.0,2.4000000953674316,1.0,50.0,33.2,16.0
51550.0,641.3936672210693,1716.0,4.0,3.0,2.0,50.0,40.0,28.0
51600.0,641.9746270179749,1719.0,4.0,2.0,0.0,50.0,28.8,6.0
51650.0,642.5524187088013,1721.0,4.0,1.399999976158142,0.0,50.0,21.2,6.0
51700.0,643.1157581806183,1722.0,4.0,1.600000023841858,0.0,50.0,24.4,6.0
51750.0,643.6951153278351,1724.0,4.0,2.200000047683716,0.0,50.0,31.2,6.0
51800.0,644.2742681503296,1726.0,3.0,1.7999999523162842,1.0,44.0,27.6,16.0
51850.0,644.8550128936768,1727.0,3.0,1.7999999523162842,1.0,46.0,28.0,16.0
51900.0,645.437890291214,1728.0,4.0,2.200000047683716,1.0,50.0,32.4,16.0
51950.0,646.0354902744293,1730.0,4.0,2.5999999046325684,1.0,50.0,35.6,16.0
52000.0,646.630934715271,1731.0,4.0,2.5999999046325684,1.0,50.0,36.8,16.0
52050.0,647.2270174026489,1732.0,6.0,3.200000047683716,1.0,72.0,42.0,16.0
52100.0,647.8232865333557,1734.0,6.0,2.200000047683716,1.0,72.0,30.8,16.0
52150.0,648.4049866199493,1737.0,2.0,1.2000000476837158,1.0,28.0,20.0,16.0
52200.0,648.9860289096832,1738.0,2.0,1.2000000476837158,1.0,28.0,20.0,16.0
52250.0,649.5628297328949,1739.0,6.0,2.200000047683716,1.0,72.0,31.2,16.0
52300.0,650.1411256790161,1740.0,6.0,2.5999999046325684,1.0,72.0,34.0,16.0
52350.0,650.7144207954407,1741.0,6.0,3.200000047683716,1.0,72.0,40.8,16.0
52400.0,651.2682461738586,1744.0,4.0,2.200000047683716,1.0,50.0,30.0,16.0
52450.0,651.8332982063293,1746.0,2.0,1.600000023841858,1.0,30.0,23.2,16.0
52500.0,652.411162853241,1748.0,2.0,1.600000023841858,1.0,28.0,24.0,16.0
52550.0,652.990748167038,1748.0,2.0,1.600000023841858,1.0,28.0,24.0,16.0
52600.0,653.5708465576172,1749.0,2.0,1.399999976158142,0.0,79.0,36.6,24.0
52650.0,654.1858282089233,1749.0,2.0,1.399999976158142,0.0,79.0,36.6,24.0
52700.0,654.7862963676453,1751.0,2.0,1.0,0.0,115.0,51.0,11.0
52750.0,655.3865919113159,1751.0,2.0,1.0,0.0,115.0,51.0,11.0
52800.0,655.9825706481934,1751.0,2.0,1.0,0.0,115.0,51.0,11.0
52850.0,656.5858435630798,1751.0,2.0,1.0,0.0,115.0,51.0,11.0
52900.0,657.1831340789795,1751.0,2.0,1.0,0.0,115.0,51.0,11.0
52950.0,657.7851777076721,1751.0,2.0,1.0,0.0,115.0,51.0,11.0
53000.0,658.3905589580536,1752.0,4.0,1.600000023841858,0.0,276.0,101.4,11.0
53050.0,658.9823865890503,1752.0,4.0,1.600000023841858,0.0,276.0,101.4,11.0
53100.0,659.5821294784546,1752.0,4.0,1.600000023841858,0.0,276.0,101.4,11.0
53150.0,660.1895244121552,1753.0,4.0,1.2000000476837158,0.0,276.0,127.0,11.0
53200.0,660.7911260128021,1753.0,4.0,1.2000000476837158,0.0,276.0,127.0,11.0
53250.0,661.3887543678284,1753.0,4.0,1.2000000476837158,0.0,276.0,127.0,11.0
53300.0,661.9911553859711,1754.0,4.0,1.399999976158142,0.0,276.0,140.6,11.0
53350.0,662.5904686450958,1754.0,4.0,1.399999976158142,0.0,276.0,140.6,11.0
53400.0,663.1908719539642,1754.0,4.0,1.399999976158142,0.0,276.0,140.6,11.0
53450.0,663.7984354496002,1755.0,4.0,1.2000000476837158,0.0,276.0,150.8,11.0
53500.0,664.3985707759857,1755.0,4.0,1.2000000476837158,0.0,276.0,150.8,11.0
53550.0,664.9952642917633,1755.0,4.0,1.2000000476837158,0.0,276.0,150.8,11.0
53600.0,665.5827503204346,1756.0,4.0,1.2000000476837158,0.0,276.0,177.2,143.0
53650.0,666.1825768947601,1757.0,1.0,0.6000000238418579,0.0,166.0,132.4,52.0
53700.0,666.773001909256,1758.0,1.0,0.6000000238418579,0.0,166.0,112.0,52.0
53750.0,667.3720302581787,1758.0,1.0,0.6000000238418579,0.0,166.0,112.0,52.0
53800.0,667.9706289768219,1758.0,1.0,0.6000000238418579,0.0,166.0,112.0,52.0
53850.0,668.5687572956085,1758.0,1.0,0.6000000238418579,0.0,166.0,112.0,52.0
53900.0,669.1658704280853,1758.0,1.0,0.6000000238418579,0.0,166.0,112.0,52.0
53950.0,669.7664918899536,1758.0,1.0,0.6000000238418579,0.0,166.0,112.0,52.0
54000.0,670.3644137382507,1759.0,2.0,0.800000011920929,0.0,306.0,143.8,52.0
54050.0,670.9667925834656,1759.0,2.0,0.800000011920929,0.0,306.0,143.8,52.0
54100.0,671.5671620368958,1760.0,2.0,0.6000000238418579,0.0,306.0,125.6,52.0
54150.0,672.1702480316162,1760.0,2.0,0.6000000238418579,0.0,306.0,125.6,52.0
54200.0,672.770446062088,1761.0,2.0,0.6000000238418579,0.0,306.0,122.6,52.0
54250.0,673.3710460662842,1762.0,2.0,0.4000000059604645,0.0,306.0,118.2,30.0
54300.0,673.9745111465454,1762.0,2.0,0.4000000059604645,0.0,306.0,118.2,30.0
54350.0,674.5778079032898,1763.0,2.0,0.4000000059604645,0.0,306.0,128.8,30.0
54400.0,675.1789569854736,1764.0,0.0,0.0,0.0,128.0,77.8,30.0
54450.0,675.7787439823151,1765.0,0.0,0.0,0.0,128.0,70.6,30.0
54500.0,676.3824465274811,1765.0,0.0,0.0,0.0,128.0,70.6,30.0
54550.0,676.9826498031616,1765.0,0.0,0.0,0.0,128.0,70.6,30.0
54600.0,677.5829148292542,1766.0,3.0,0.6000000238418579,0.0,173.0,79.6,30.0
54650.0,678.1824169158936,1766.0,3.0,0.6000000238418579,0.0,173.0,79.6,30.0
54700.0,678.7777109146118,1767.0,3.0,0.800000011920929,0.0,173.0,92.4,39.0
54750.0,679.3805587291718,1767.0,3.0,0.800000011920929,0.0,173.0,92.4,39.0
54800.0,679.9830918312073,1767.0,3.0,0.800000011920929,0.0,173.0,92.4,39.0
54850.0,680.58544754982,1768.0,3.0,0.800000011920929,0.0,173.0,99.2,39.0
54900.0,681.185977935791,1768.0,3.0,0.800000011920929,0.0,173.0,99.2,39.0
54950.0,681.7879321575165,1768.0,3.0,0.800000011920929,0.0,173.0,99.2,39.0
55000.0,682.3880910873413,1768.0,3.0,0.800000011920929,0.0,173.0,99.2,39.0
55050.0,682.9865279197693,1769.0,3.0,1.0,0.0,195.0,128.0,39.0
55100.0,683.5854687690735,1769.0,3.0,1.0,0.0,195.0,128.0,39.0
55150.0,684.1891224384308,1769.0,3.0,1.0,0.0,195.0,128.0,39.0
55200.0,684.7968935966492,1769.0,3.0,1.0,0.0,195.0,128.0,39.0
55250.0,685.3991866111755,1770.0,3.0,1.399999976158142,0.0,207.0,161.6,94.0
55300.0,685.9983484745026,1770.0,3.0,1.399999976158142,0.0,207.0,161.6,94.0
55350.0,686.5984053611755,1770.0,3.0,1.399999976158142,0.0,207.0,161.6,94.0
55400.0,687.2026505470276,1771.0,2.0,0.800000011920929,0.0,207.0,157.2,94.0
55450.0,687.8016357421875,1772.0,2.0,0.6000000238418579,0.0,207.0,148.8,52.0
55500.0,688.4026231765747,1773.0,2.0,0.6000000238418579,0.0,207.0,129.0,40.0
55550.0,689.002758026123,1773.0,2.0,0.6000000238418579,0.0,207.0,129.0,40.0
55600.0,689.6064484119415,1773.0,2.0,0.6000000238418579,0.0,207.0,129.0,40.0
55650.0,690.2150819301605,1774.0,2.0,0.4000000059604645,0.0,207.0,125.4,40.0
55700.0,690.8012118339539,1774.0,2.0,0.4000000059604645,0.0,207.0,125.4,40.0
55750.0,691.3907997608185,1774.0,2.0,0.4000000059604645,0.0,207.0,125.4,40.0
55800.0,691.9945361614227,1774.0,2.0,0.4000000059604645,0.0,207.0,125.4,40.0
55850.0,692.5986220836639,1774.0,2.0,0.4000000059604645,0.0,207.0,125.4,40.0
55900.0,693.197324514389,1775.0,0.0,0.0,0.0,242.0,132.4,40.0
55950.0,693.7983844280243,1776.0,0.0,0.0,0.0,242.0,110.2,40.0
56000.0,694.4020295143127,1776.0,0.0,0.0,0.0,242.0,110.2,40.0
56050.0,695.0063803195953,1776.0,0.0,0.0,0.0,242.0,110.2,40.0
56100.0,695.6062667369843,1776.0,0.0,0.0,0.0,242.0,110.2,40.0
56150.0,696.2126533985138,1776.0,0.0,0.0,0.0,242.0,110.2,40.0
56200.0,696.8227858543396,1777.0,1.0,0.20000000298023224,0.0,242.0,148.0,40.0
56250.0,697.4310691356659,1777.0,1.0,0.20000000298023224,0.0,242.0,148.0,40.0
56300.0,698.0321869850159,1777.0,1.0,0.20000000298023224,0.0,242.0,148.0,40.0
56350.0,698.6309540271759,1777.0,1.0,0.20000000298023224,0.0,242.0,148.0,40.0
56400.0,699.2356340885162,1777.0,1.0,0.20000000298023224,0.0,242.0,148.0,40.0
56450.0,699.8413138389587,1778.0,3.0,0.800000011920929,0.0,244.0,188.8,40.0
56500.0,700.4424660205841,1778.0,3.0,0.800000011920929,0.0,244.0,188.8,40.0
56550.0,701.0509171485901,1779.0,3.0,0.800000011920929,0.0,244.0,175.0,40.0
56600.0,701.6553690433502,1780.0,3.0,0.800000011920929,0.0,244.0,136.0,40.0
56650.0,702.2569224834442,1781.0,3.0,0.800000011920929,0.0,244.0,138.4,47.0
56700.0,702.8619484901428,1782.0,3.0,0.6000000238418579,0.0,244.0,99.8,47.0
56750.0,703.4673013687134,1783.0,0.0,0.0,0.0,108.0,59.0,40.0
56800.0,704.0727140903473,1783.0,0.0,0.0,0.0,108.0,59.0,40.0
56850.0,704.675498008728,1783.0,0.0,0.0,0.0,108.0,59.0,40.0
56900.0,705.2770707607269,1783.0,0.0,0.0,0.0,108.0,59.0,40.0
56950.0,705.8791782855988,1783.0,0.0,0.0,0.0,108.0,59.0,40.0
57000.0,706.4791736602783,1783.0,0.0,0.0,0.0,108.0,59.0,40.0
57050.0,707.0699169635773,1783.0,0.0,0.0,0.0,108.0,59.0,40.0
57100.0,707.672173500061,1783.0,0.0,0.0,0.0,108.0,59.0,40.0
57150.0,708.2755675315857,1783.0,0.0,0.0,0.0,108.0,59.0,40.0
57200.0,708.8828861713409,1784.0,4.0,0.800000011920929,0.0,467.0,130.8,40.0
57250.0,709.490748167038,1784.0,4.0,0.800000011920929,0.0,467.0,130.8,40.0
57300.0,710.0928745269775,1784.0,4.0,0.800000011920929,0.0,467.0,130.8,40.0
57350.0,710.6952698230743,1784.0,4.0,0.800000011920929,0.0,467.0,130.8,40.0
57400.0,711.3020567893982,1784.0,4.0,0.800000011920929,0.0,467.0,130.8,40.0
57450.0,711.9045279026031,1784.0,4.0,0.800000011920929,0.0,467.0,130.8,40.0
57500.0,712.514550447464,1784.0,4.0,0.800000011920929,0.0,467.0,130.8,40.0
57550.0,713.1144568920135,1785.0,4.0,1.2000000476837158,0.0,467.0,190.0,40.0
57600.0,713.7149453163147,1787.0,4.0,1.2000000476837158,0.0,467.0,184.2,11.0
57650.0,714.3147807121277,1788.0,4.0,1.2000000476837158,0.0,467.0,180.4,11.0
57700.0,714.9156999588013,1788.0,4.0,1.2000000476837158,0.0,467.0,180.4,11.0
57750.0,715.5208280086517,1789.0,2.0,0.4000000059604645,0.0,343.0,107.6,11.0
57800.0,716.1254150867462,1790.0,0.0,0.0,0.0,103.0,53.0,11.0
57850.0,716.7343533039093,1790.0,0.0,0.0,0.0,103.0,53.0,11.0
57900.0,717.3377647399902,1790.0,0.0,0.0,0.0,103.0,53.0,11.0
57950.0,717.9439578056335,1791.0,2.0,0.4000000059604645,0.0,161.0,73.2,11.0
58000.0,718.5470614433289,1791.0,2.0,0.4000000059604645,0.0,161.0,73.2,11.0
58050.0,719.1539106369019,1791.0,2.0,0.4000000059604645,0.0,161.0,73.2,11.0
58100.0,719.7544229030609,1791.0,2.0,0.4000000059604645,0.0,161.0,73.2,11.0
58150.0,720.362238407135,1791.0,2.0,0.4000000059604645,0.0,161.0,73.2,11.0
58200.0,720.9668111801147,1792.0,2.0,0.800000011920929,0.0,248.0,120.6,21.0
58250.0,721.5745797157288,1793.0,2.0,0.800000011920929,0.0,248.0,120.6,21.0
58300.0,722.1746017932892,1793.0,2.0,0.800000011920929,0.0,248.0,120.6,21.0
58350.0,722.7775485515594,1793.0,2.0,0.800000011920929,0.0,248.0,120.6,21.0
58400.0,723.3832647800446,1793.0,2.0,0.800000011920929,0.0,248.0,120.6,21.0
58450.0,723.9858675003052,1793.0,2.0,0.800000011920929,0.0,248.0,120.6,21.0
58500.0,724.5902042388916,1793.0,2.0,0.800000011920929,0.0,248.0,120.6,21.0
58550.0,725.1984486579895,1793.0,2.0,0.800000011920929,0.0,248.0,120.6,21.0
58600.0,725.7985322475433,1794.0,4.0,1.600000023841858,0.0,361.0,172.2,21.0
58650.0,726.3991239070892,1795.0,4.0,1.600000023841858,0.0,361.0,170.6,21.0
58700.0,727.0073943138123,1795.0,4.0,1.600000023841858,0.0,361.0,170.6,21.0
58750.0,727.6110346317291,1795.0,4.0,1.600000023841858,0.0,361.0,170.6,21.0
58800.0,728.2173800468445,1796.0,4.0,1.399999976158142,0.0,361.0,169.0,21.0
58850.0,728.8189415931702,1797.0,4.0,1.0,0.0,361.0,128.2,21.0
58900.0,729.4225418567657,1797.0,4.0,1.0,0.0,361.0,128.2,21.0
58950.0,730.0289449691772,1798.0,4.0,1.0,0.0,361.0,141.0,44.0
59000.0,730.6316351890564,1798.0,4.0,1.0,0.0,361.0,141.0,44.0
59050.0,731.2347867488861,1799.0,1.0,0.20000000298023224,0.0,153.0,91.4,44.0
59100.0,731.8352313041687,1799.0,1.0,0.20000000298023224,0.0,153.0,91.4,44.0
59150.0,732.44393491745,1799.0,1.0,0.20000000298023224,0.0,153.0,91.4,44.0
59200.0,733.049681186676,1800.0,1.0,0.20000000298023224,0.0,153.0,106.2,44.0
59250.0,733.6537759304047,1800.0,1.0,0.20000000298023224,0.0,153.0,106.2,44.0
59300.0,734.2544369697571,1800.0,1.0,0.20000000298023224,0.0,153.0,106.2,44.0
59350.0,734.8588852882385,1800.0,1.0,0.20000000298023224,0.0,153.0,106.2,44.0
59400.0,735.4633843898773,1801.0,2.0,0.4000000059604645,0.0,227.0,121.0,44.0
59450.0,736.0671012401581,1801.0,2.0,0.4000000059604645,0.0,227.0,121.0,44.0
59500.0,736.671882390976,1802.0,2.0,0.4000000059604645,0.0,227.0,129.6,85.0
59550.0,737.2741060256958,1803.0,2.0,0.4000000059604645,0.0,227.0,120.0,37.0
59600.0,737.8784377574921,1803.0,2.0,0.4000000059604645,0.0,227.0,120.0,37.0
59650.0,738.482807636261,1804.0,2.0,0.4000000059604645,0.0,227.0,120.8,37.0
59700.0,739.0873823165894,1804.0,2.0,0.4000000059604645,0.0,227.0,120.8,37.0
59750.0,739.6878879070282,1804.0,2.0,0.4000000059604645,0.0,227.0,120.8,37.0
59800.0,740.2908267974854,1804.0,2.0,0.4000000059604645,0.0,227.0,120.8,37.0
59850.0,740.8906016349792,1804.0,2.0,0.4000000059604645,0.0,227.0,120.8,37.0
59900.0,741.4942498207092,1804.0,2.0,0.4000000059604645,0.0,227.0,120.8,37.0
59950.0,742.0982940196991,1804.0,2.0,0.4000000059604645,0.0,227.0,120.8,37.0
60000.0,742.7066779136658,1805.0,2.0,0.4000000059604645,0.0,333.0,160.2,37.0
60050.0,743.3225529193878,1806.0,3.0,0.6000000238418579,0.0,333.0,124.2,37.0
60100.0,743.9305832386017,1807.0,9.0,2.4000000953674316,0.0,333.0,118.6,37.0
60150.0,744.5431234836578,1809.0,9.0,4.0,0.0,333.0,99.4,18.0
60200.0,745.1583602428436,1810.0,9.0,5.199999809265137,3.0,59.0,41.2,18.0
60250.0,745.7696769237518,1812.0,6.0,4.400000095367432,3.0,42.0,31.6,18.0
60300.0,746.3744034767151,1813.0,8.0,5.0,3.0,62.0,36.0,18.0
60350.0,746.9828064441681,1814.0,8.0,5.599999904632568,3.0,62.0,40.6,18.0
60400.0,747.5912997722626,1815.0,8.0,5.400000095367432,3.0,62.0,40.2,18.0
60450.0,748.1999409198761,1816.0,9.0,6.199999809265137,3.0,62.0,44.0,18.0
60500.0,748.8084077835083,1817.0,9.0,6.599999904632568,5.0,62.0,46.4,30.0
60550.0,749.4181432723999,1819.0,9.0,6.199999809265137,3.0,59.0,39.6,18.0
60600.0,750.0297195911407,1820.0,9.0,6.400000095367432,3.0,59.0,40.2,18.0
60650.0,750.6345162391663,1821.0,9.0,5.599999904632568,3.0,51.0,36.2,18.0
60700.0,751.2387893199921,1822.0,9.0,6.199999809265137,3.0,60.0,42.2,18.0
60750.0,751.8546664714813,1822.0,9.0,6.199999809265137,3.0,60.0,42.2,18.0
60800.0,752.4687612056732,1823.0,15.0,7.400000095367432,3.0,99.0,51.8,18.0
60850.0,753.0762209892273,1823.0,15.0,7.400000095367432,3.0,99.0,51.8,18.0
60900.0,753.6902437210083,1824.0,15.0,9.0,5.0,99.0,66.2,39.0
60950.0,754.297545671463,1825.0,15.0,9.800000190734863,5.0,99.0,72.2,39.0
61000.0,754.9065628051758,1826.0,15.0,9.600000381469727,4.0,99.0,70.0,28.0
61050.0,755.5147032737732,1828.0,11.0,7.0,3.0,90.0,53.6,27.0
61100.0,756.1229512691498,1828.0,11.0,7.0,3.0,90.0,53.6,27.0
61150.0,756.730765581131,1829.0,10.0,6.400000095367432,3.0,82.0,52.0,27.0
61200.0,757.3388454914093,1830.0,8.0,5.599999904632568,3.0,82.0,45.4,27.0
61250.0,757.9503374099731,1831.0,12.0,7.199999809265137,3.0,82.0,54.0,27.0
61300.0,758.5584335327148,1831.0,12.0,7.199999809265137,3.0,82.0,54.0,27.0
61350.0,759.1617865562439,1833.0,12.0,8.199999809265137,3.0,89.0,60.0,18.0
61400.0,759.7718813419342,1835.0,12.0,6.599999904632568,2.0,89.0,45.8,18.0
61450.0,760.3822486400604,1836.0,12.0,5.400000095367432,2.0,89.0,40.0,18.0
61500.0,760.9903471469879,1837.0,7.0,4.400000095367432,2.0,50.0,32.2,18.0
61550.0,761.6022396087646,1837.0,7.0,4.400000095367432,2.0,50.0,32.2,18.0
61600.0,762.2136607170105,1838.0,14.0,6.599999904632568,2.0,99.0,48.4,22.0
61650.0,762.8223690986633,1839.0,14.0,7.199999809265137,4.0,99.0,52.0,29.0
61700.0,763.4285969734192,1840.0,14.0,7.800000190734863,5.0,99.0,54.4,40.0
61750.0,764.0350520610809,1841.0,14.0,8.600000381469727,5.0,99.0,57.8,40.0
61800.0,764.6428780555725,1842.0,14.0,8.600000381469727,5.0,99.0,57.8,40.0
61850.0,765.2579865455627,1843.0,10.0,7.400000095367432,5.0,59.0,48.0,40.0
61900.0,765.8664152622223,1843.0,10.0,7.400000095367432,5.0,59.0,48.0,40.0
61950.0,766.4788110256195,1844.0,15.0,9.399999618530273,7.0,102.0,60.4,41.0
62000.0,767.0866889953613,1844.0,15.0,9.399999618530273,7.0,102.0,60.4,41.0
62050.0,767.7030065059662,1845.0,15.0,11.0,7.0,117.0,75.6,50.0
62100.0,768.3089401721954,1846.0,15.0,9.600000381469727,3.0,117.0,68.2,22.0
62150.0,768.9229321479797,1847.0,15.0,9.800000190734863,3.0,117.0,72.2,22.0
62200.0,769.5385782718658,1849.0,15.0,6.800000190734863,3.0,117.0,53.2,18.0
62250.0,770.1538808345795,1850.0,8.0,4.599999904632568,3.0,70.0,36.2,18.0
62300.0,770.7668356895447,1851.0,8.0,5.599999904632568,3.0,70.0,45.6,18.0
62350.0,771.3716557025909,1853.0,8.0,4.0,2.0,69.0,31.6,18.0
62400.0,771.9750916957855,1854.0,8.0,4.199999809265137,2.0,69.0,34.4,18.0
62450.0,772.5787127017975,1855.0,9.0,5.199999809265137,2.0,70.0,42.0,18.0
62500.0,773.1832654476166,1856.0,9.0,5.199999809265137,2.0,70.0,38.2,18.0
62550.0,773.7948408126831,1857.0,9.0,6.400000095367432,3.0,70.0,44.0,18.0
62600.0,774.3987288475037,1859.0,9.0,6.599999904632568,3.0,70.0,43.8,18.0
62650.0,775.0063052177429,1860.0,8.0,6.199999809265137,3.0,51.0,40.0,18.0
62700.0,775.6107456684113,1860.0,8.0,6.199999809265137,3.0,51.0,40.0,18.0
62750.0,776.218873500824,1861.0,12.0,7.0,3.0,100.0,50.0,18.0
62800.0,776.8245768547058,1861.0,12.0,7.0,3.0,100.0,50.0,18.0
62850.0,777.4304487705231,1862.0,15.0,8.399999618530273,3.0,110.0,62.0,18.0
62900.0,778.0381610393524,1863.0,15.0,8.600000381469727,3.0,110.0,63.8,18.0
62950.0,778.6452250480652,1864.0,15.0,9.600000381469727,6.0,110.0,70.4,40.0
63000.0,779.2546179294586,1864.0,15.0,9.600000381469727,6.0,110.0,70.4,40.0
63050.0,779.8668150901794,1865.0,15.0,10.600000381469727,6.0,110.0,76.2,40.0
63100.0,780.4749882221222,1865.0,15.0,10.600000381469727,6.0,110.0,76.2,40.0
63150.0,781.0821702480316,1866.0,20.0,12.199999809265137,6.0,129.0,82.0,40.0
63200.0,781.6941213607788,1867.0,20.0,10.199999809265137,5.0,129.0,68.0,40.0
63250.0,782.3082633018494,1867.0,20.0,10.199999809265137,5.0,129.0,68.0,40.0
63300.0,782.9185082912445,1868.0,20.0,11.600000381469727,5.0,129.0,80.0,40.0
63350.0,783.5312740802765,1870.0,20.0,9.199999809265137,3.0,129.0,63.6,18.0
63400.0,784.1395540237427,1870.0,20.0,9.199999809265137,3.0,129.0,63.6,18.0
63450.0,784.7470850944519,1870.0,20.0,9.199999809265137,3.0,129.0,63.6,18.0
63500.0,785.3508143424988,1871.0,18.0,8.800000190734863,3.0,160.0,69.8,18.0
63550.0,785.9463632106781,1872.0,18.0,8.399999618530273,3.0,160.0,66.2,18.0
63600.0,786.5502333641052,1872.0,18.0,8.399999618530273,3.0,160.0,66.2,18.0
63650.0,787.161673784256,1874.0,18.0,8.600000381469727,3.0,160.0,65.4,18.0
63700.0,787.7695937156677,1875.0,18.0,9.199999809265137,3.0,160.0,70.4,22.0
63750.0,788.3748888969421,1876.0,15.0,6.800000190734863,3.0,100.0,46.2,22.0
63800.0,788.9830195903778,1878.0,7.0,5.199999809265137,3.0,43.0,33.4,17.0
63850.0,789.5940012931824,1879.0,8.0,6.0,3.0,52.0,38.4,17.0
63900.0,790.2059936523438,1880.0,8.0,6.400000095367432,3.0,53.0,40.4,17.0
63950.0,790.8152339458466,1881.0,8.0,6.599999904632568,3.0,53.0,42.2,17.0
64000.0,791.4228804111481,1882.0,8.0,6.199999809265137,3.0,53.0,40.0,17.0
64050.0,792.025787115097,1884.0,9.0,6.199999809265137,2.0,53.0,39.6,17.0
64100.0,792.6257140636444,1884.0,9.0,6.199999809265137,2.0,53.0,39.6,17.0
64150.0,793.2333309650421,1885.0,17.0,8.0,2.0,102.0,49.4,17.0
64200.0,793.845983505249,1886.0,17.0,8.199999809265137,2.0,102.0,49.8,17.0
64250.0,794.4585635662079,1886.0,17.0,8.199999809265137,2.0,102.0,49.8,17.0
64300.0,795.0666563510895,1888.0,17.0,8.399999618530273,2.0,102.0,53.6,17.0
64350.0,795.6749346256256,1888.0,17.0,8.399999618530273,2.0,102.0,53.6,17.0
64400.0,796.2866117954254,1888.0,17.0,8.399999618530273,2.0,102.0,53.6,17.0
64450.0,796.8969705104828,1889.0,19.0,11.800000190734863,3.0,141.0,78.4,18.0
64500.0,797.5107569694519,1889.0,19.0,11.800000190734863,3.0,141.0,78.4,18.0
64550.0,798.121876001358,1890.0,19.0,11.199999809265137,3.0,141.0,80.0,18.0
64600.0,798.7323043346405,1892.0,19.0,9.0,3.0,141.0,65.4,18.0
64650.0,799.3427846431732,1892.0,19.0,9.0,3.0,141.0,65.4,18.0
64700.0,799.9476923942566,1894.0,14.0,7.199999809265137,3.0,110.0,53.8,18.0
64750.0,800.555820941925,1894.0,14.0,7.199999809265137,3.0,110.0,53.8,18.0
64800.0,801.1666884422302,1895.0,10.0,6.0,3.0,83.0,48.0,18.0
64850.0,801.7700824737549,1896.0,10.0,6.199999809265137,3.0,83.0,50.0,18.0
64900.0,802.3781967163086,1896.0,10.0,6.199999809265137,3.0,83.0,50.0,18.0
64950.0,802.9880928993225,1896.0,10.0,6.199999809265137,3.0,83.0,50.0,18.0
65000.0,803.5989329814911,1896.0,10.0,6.199999809265137,3.0,83.0,50.0,18.0
65050.0,804.2083899974823,1898.0,23.0,8.600000381469727,3.0,200.0,71.6,18.0
65100.0,804.822966337204,1898.0,23.0,8.600000381469727,3.0,200.0,71.6,18.0
65150.0,805.4344258308411,1898.0,23.0,8.600000381469727,3.0,200.0,71.6,18.0
65200.0,806.0420472621918,1898.0,23.0,8.600000381469727,3.0,200.0,71.6,18.0
65250.0,806.6545035839081,1899.0,24.0,12.800000190734863,3.0,211.0,110.2,18.0
65300.0,807.2628855705261,1900.0,24.0,11.800000190734863,3.0,211.0,100.0,18.0
65350.0,807.870409488678,1901.0,24.0,11.800000190734863,3.0,211.0,101.8,18.0
65400.0,808.4786639213562,1901.0,24.0,11.800000190734863,3.0,211.0,101.8,18.0
65450.0,809.0902853012085,1903.0,24.0,10.199999809265137,3.0,211.0,81.8,18.0
65500.0,809.7024581432343,1904.0,15.0,6.199999809265137,3.0,100.0,46.0,18.0
65550.0,810.3181660175323,1904.0,15.0,6.199999809265137,3.0,100.0,46.0,18.0
65600.0,810.9302897453308,1905.0,19.0,9.399999618530273,3.0,119.0,63.8,18.0
65650.0,811.5383331775665,1907.0,19.0,6.599999904632568,3.0,119.0,43.6,18.0
65700.0,812.1500515937805,1907.0,19.0,6.599999904632568,3.0,119.0,43.6,18.0
65750.0,812.7600512504578,1909.0,19.0,7.800000190734863,3.0,119.0,51.6,17.0
65800.0,813.3711688518524,1910.0,10.0,5.0,3.0,73.0,36.2,17.0
65850.0,813.9819626808167,1910.0,10.0,5.0,3.0,73.0,36.2,17.0
65900.0,814.590585231781,1910.0,10.0,5.0,3.0,73.0,36.2,17.0
65950.0,815.1947193145752,1910.0,10.0,5.0,3.0,73.0,36.2,17.0
66000.0,815.807163476944,1911.0,29.0,10.199999809265137,3.0,200.0,71.8,17.0
66050.0,816.4167540073395,1913.0,29.0,9.399999618530273,3.0,200.0,63.6,17.0
66100.0,817.0274772644043,1913.0,29.0,9.399999618530273,3.0,200.0,63.6,17.0
66150.0,817.6384415626526,1914.0,29.0,12.0,3.0,200.0,80.4,18.0
66200.0,818.2502450942993,1916.0,16.0,6.800000190734863,3.0,101.0,41.8,18.0
66250.0,818.8444149494171,1916.0,16.0,6.800000190734863,3.0,101.0,41.8,18.0
66300.0,819.4492239952087,1916.0,16.0,6.800000190734863,3.0,101.0,41.8,18.0
66350.0,820.0508015155792,1917.0,18.0,9.0,3.0,151.0,63.8,18.0
66400.0,820.6540834903717,1919.0,18.0,6.599999904632568,3.0,151.0,49.6,18.0
66450.0,821.2510814666748,1920.0,18.0,7.0,3.0,151.0,53.8,18.0
66500.0,821.8449490070343,1921.0,18.0,7.400000095367432,3.0,151.0,56.4,18.0
66550.0,822.4463486671448,1922.0,7.0,5.199999809265137,3.0,59.0,38.0,18.0
66600.0,823.0456345081329,1922.0,7.0,5.199999809265137,3.0,59.0,38.0,18.0
66650.0,823.643059015274,1924.0,12.0,6.800000190734863,3.0,100.0,52.0,18.0
66700.0,824.2465324401855,1924.0,12.0,6.800000190734863,3.0,100.0,52.0,18.0
66750.0,824.8443250656128,1925.0,12.0,6.800000190734863,3.0,100.0,56.0,18.0
66800.0,825.4420628547668,1925.0,12.0,6.800000190734863,3.0,100.0,56.0,18.0
66850.0,826.0391337871552,1925.0,12.0,6.800000190734863,3.0,100.0,56.0,18.0
66900.0,826.6365394592285,1926.0,22.0,10.199999809265137,3.0,160.0,81.8,18.0
66950.0,827.2349789142609,1928.0,22.0,8.600000381469727,3.0,160.0,63.6,18.0
67000.0,827.835072517395,1929.0,22.0,9.199999809265137,4.0,160.0,68.8,27.0
67050.0,828.4401953220367,1930.0,22.0,9.199999809265137,4.0,160.0,65.8,27.0
67100.0,829.044814825058,1931.0,7.0,5.599999904632568,4.0,57.0,43.8,27.0
67150.0,829.6432371139526,1931.0,7.0,5.599999904632568,4.0,57.0,43.8,27.0
67200.0,830.243643283844,1933.0,9.0,5.599999904632568,2.0,72.0,48.0,17.0
67250.0,830.8505644798279,1933.0,9.0,5.599999904632568,2.0,72.0,48.0,17.0
67300.0,831.4592425823212,1933.0,9.0,5.599999904632568,2.0,72.0,48.0,17.0
67350.0,832.0532398223877,1934.0,19.0,8.199999809265137,2.0,152.0,69.6,17.0
67400.0,832.6550829410553,1934.0,19.0,8.199999809265137,2.0,152.0,69.6,17.0
67450.0,833.2550275325775,1934.0,19.0,8.199999809265137,2.0,152.0,69.6,17.0
67500.0,833.8651819229126,1935.0,19.0,10.199999809265137,2.0,152.0,86.6,17.0
